vertices,percentage,edges,tarjan,nuutila,pearce,components,correct
100,0.0,0,0.000355,0.000333,0.000271,100,1
100,0.010101,101,0.002353,0.002322,0.002357,96,1
100,0.020202,200,0.004393,0.004047,0.004055,41,1
100,0.030303,297,0.005402,0.005002,0.005553,12,1
100,0.040404,394,0.00705,0.007072,0.006974,2,1
100,0.050505,490,0.008171,0.008723,0.008279,2,1
100,0.060606,583,0.008488,0.010029,0.009459,1,1
100,0.070707,680,0.010698,0.010847,0.011068,1,1
100,0.080808,773,0.011698,0.012203,0.011863,1,1
100,0.090909,864,0.012595,0.01341,0.012908,1,1
100,0.10101,961,0.014303,0.013517,0.015077,1,1
100,0.111111,1050,0.015549,0.015048,0.01518,1,1
100,0.121212,1141,0.017058,0.015329,0.015257,1,1
100,0.131313,1235,0.016818,0.016572,0.017741,1,1
100,0.141414,1323,0.017753,0.019858,0.016053,1,1
100,0.151515,1409,0.018928,0.021641,0.017524,1,1
100,0.161616,1493,0.014444,0.015072,0.015291,1,1
100,0.171717,1578,0.020452,0.02449,0.019082,1,1
100,0.181818,1661,0.022487,0.021356,0.022982,1,1
100,0.191919,1748,0.023134,0.024017,0.026434,1,1
100,0.20202,1832,0.023043,0.025094,0.024368,1,1
100,0.212121,1918,0.025032,0.02545,0.024764,1,1
100,0.222222,1993,0.023309,0.022513,0.026141,1,1
100,0.232323,2074,0.021982,0.022929,0.023441,1,1
100,0.242424,2159,0.023483,0.023504,0.030095,1,1
100,0.252525,2244,0.020318,0.02843,0.028409,1,1
100,0.262626,2326,0.028856,0.034286,0.029445,1,1
100,0.272727,2408,0.026278,0.025302,0.032356,1,1
100,0.282828,2479,0.030165,0.030979,0.032056,1,1
100,0.292929,2555,0.030796,0.03044,0.032824,1,1
100,0.30303,2629,0.031487,0.033065,0.033294,1,1
100,0.313131,2699,0.032526,0.032281,0.032932,1,1
100,0.323232,2774,0.032254,0.037324,0.032835,1,1
100,0.333333,2856,0.034909,0.034546,0.03575,1,1
100,0.343434,2927,0.036256,0.039796,0.03359,1,1
100,0.353535,2999,0.030439,0.038883,0.026742,1,1
100,0.363636,3071,0.031396,0.033492,0.033653,1,1
100,0.373737,3139,0.037595,0.038877,0.038578,1,1
100,0.383838,3207,0.038779,0.040524,0.040379,1,1
100,0.393939,3268,0.038709,0.04025,0.040162,1,1
100,0.40404,3327,0.03975,0.040683,0.040998,1,1
100,0.414141,3399,0.041659,0.042098,0.042304,1,1
100,0.424242,3463,0.043593,0.04253,0.044749,1,1
100,0.434343,3533,0.04317,0.049213,0.043578,1,1
100,0.444444,3603,0.044483,0.049506,0.041341,1,1
100,0.454545,3665,0.039529,0.046882,0.047338,1,1
100,0.464646,3730,0.046058,0.046991,0.047527,1,1
100,0.474747,3796,0.046331,0.04636,0.046445,1,1
100,0.484848,3861,0.047194,0.051971,0.045926,1,1
100,0.494949,3920,0.046524,0.047353,0.047741,1,1
100,0.505051,3977,0.04777,0.053225,0.048907,1,1
100,0.515152,4042,0.048804,0.050384,0.04914,1,1
100,0.525253,4090,0.048552,0.041091,0.050393,1,1
100,0.535354,4139,0.047835,0.048522,0.041343,1,1
100,0.545455,4203,0.047717,0.057196,0.04499,1,1
100,0.555556,4260,0.048282,0.058133,0.04408,1,1
100,0.565657,4329,0.056821,0.050807,0.053316,1,1
100,0.575758,4379,0.057506,0.051789,0.052093,1,1
100,0.585859,4434,0.048208,0.052938,0.051844,1,1
100,0.59596,4496,0.040652,0.053956,0.053648,1,1
100,0.606061,4547,0.053721,0.054805,0.053947,1,1
100,0.616162,4604,0.047547,0.047019,0.053327,1,1
100,0.626263,4654,0.045201,0.047961,0.046851,1,1
100,0.636364,4705,0.054674,0.055332,0.055406,1,1
100,0.646465,4772,0.056321,0.056292,0.057452,1,1
100,0.656566,4820,0.05708,0.05724,0.058087,1,1
100,0.666667,4876,0.057396,0.057272,0.054758,1,1
100,0.676768,4930,0.057725,0.058342,0.057761,1,1
100,0.686869,4976,0.058059,0.057116,0.057451,1,1
100,0.69697,5023,0.049225,0.050546,0.050724,1,1
100,0.707071,5082,0.042709,0.056877,0.060412,1,1
100,0.717172,5135,0.058955,0.059292,0.059382,1,1
100,0.727273,5186,0.045324,0.057245,0.060245,1,1
100,0.737374,5234,0.060048,0.051963,0.052921,1,1
100,0.747475,5277,0.065617,0.061052,0.060492,1,1
100,0.757576,5324,0.060615,0.05422,0.053568,1,1
100,0.767677,5364,0.051722,0.052929,0.05291,1,1
100,0.777778,5405,0.062671,0.062572,0.051747,1,1
100,0.787879,5460,0.063352,0.063709,0.063645,1,1
100,0.79798,5509,0.062478,0.061866,0.063138,1,1
100,0.808081,5555,0.051278,0.063982,0.06181,1,1
100,0.818182,5598,0.062852,0.065022,0.065072,1,1
100,0.828283,5639,0.053094,0.055696,0.054736,1,1
100,0.838384,5685,0.054217,0.068605,0.049356,1,1
100,0.848485,5725,0.064698,0.065409,0.065453,1,1
100,0.858586,5768,0.064657,0.063673,0.063834,1,1
100,0.868687,5810,0.06563,0.06545,0.0601,1,1
100,0.878788,5855,0.066545,0.066487,0.06584,1,1
100,0.888889,5891,0.060078,0.058558,0.063935,1,1
100,0.89899,5926,0.056417,0.0586,0.068476,1,1
100,0.909091,5971,0.060229,0.06763,0.067264,1,1
100,0.919192,6016,0.066482,0.069322,0.067009,1,1
100,0.929293,6058,0.06876,0.068354,0.062806,1,1
100,0.939394,6097,0.075921,0.061961,0.06962,1,1
100,0.949495,6133,0.076952,0.058063,0.062223,1,1
100,0.959596,6175,0.068769,0.053677,0.071063,1,1
100,0.969697,6219,0.068968,0.064505,0.071377,1,1
100,0.979798,6252,0.079802,0.064857,0.072112,1,1
100,0.989899,6296,0.079471,0.064151,0.071266,1,1
100,1.0,6344,0.081185,0.06553,0.074144,1,1
200,0.0,0,0.000913,0.000902,0.000875,200,1
200,0.002513,100,0.005154,0.005056,0.005645,200,1
200,0.005025,199,0.0094,0.009243,0.009246,199,1
200,0.007538,300,0.011234,0.011647,0.011434,152,1
200,0.01005,400,0.014155,0.013874,0.013492,85,1
200,0.012563,501,0.018401,0.015735,0.018909,42,1
200,0.015075,602,0.022315,0.021494,0.021678,21,1
200,0.017588,699,0.024192,0.022062,0.021061,11,1
200,0.020101,796,0.030653,0.028531,0.027644,6,1
200,0.022613,895,0.033767,0.030931,0.030179,5,1
200,0.025126,994,0.035645,0.033642,0.032571,2,1
200,0.027638,1092,0.037218,0.033398,0.034765,1,1
200,0.030151,1189,0.042047,0.037817,0.038161,1,1
200,0.032663,1288,0.037178,0.030652,0.040414,1,1
200,0.035176,1387,0.048756,0.04614,0.045462,1,1
200,0.037688,1480,0.051172,0.045474,0.045601,1,1
200,0.040201,1574,0.051941,0.047779,0.047758,1,1
200,0.042714,1668,0.056389,0.051253,0.050105,1,1
200,0.045226,1766,0.056336,0.045657,0.044141,1,1
200,0.047739,1864,0.063164,0.053627,0.054939,1,1
200,0.050251,1963,0.061453,0.057343,0.0614,1,1
200,0.052764,2059,0.06305,0.066282,0.061036,1,1
200,0.055276,2155,0.07114,0.062484,0.062619,1,1
200,0.057789,2245,0.074326,0.060412,0.068978,1,1
200,0.060302,2344,0.076505,0.068418,0.067731,1,1
200,0.062814,2440,0.071295,0.068277,0.068994,1,1
200,0.065327,2536,0.072702,0.061623,0.060085,1,1
200,0.067839,2631,0.075249,0.063323,0.06452,1,1
200,0.070352,2728,0.082941,0.069098,0.07563,1,1
200,0.072864,2820,0.088532,0.077754,0.077157,1,1
200,0.075377,2916,0.091089,0.073647,0.079292,1,1
200,0.077889,3007,0.094946,0.081718,0.081979,1,1
200,0.080402,3100,0.088868,0.082879,0.08378,1,1
200,0.082915,3193,0.088002,0.064683,0.072983,1,1
200,0.085427,3283,0.098278,0.058431,0.089419,1,1
200,0.08794,3378,0.105524,0.089943,0.090099,1,1
200,0.090452,3476,0.102915,0.092575,0.092275,1,1
200,0.092965,3567,0.10652,0.09551,0.075689,1,1
200,0.095477,3662,0.10237,0.096587,0.093553,1,1
200,0.09799,3748,0.091801,0.082961,0.085149,1,1
200,0.100503,3836,0.10472,0.109219,0.092071,1,1
200,0.103015,3928,0.119467,0.102837,0.103551,1,1
200,0.105528,4024,0.123345,0.105352,0.096857,1,1
200,0.10804,4117,0.117658,0.118137,0.085995,1,1
200,0.110553,4211,0.112956,0.092236,0.094068,1,1
200,0.113065,4298,0.118691,0.106976,0.112651,1,1
200,0.115578,4385,0.127158,0.111879,0.103566,1,1
200,0.11809,4473,0.122242,0.130705,0.114392,1,1
200,0.120603,4561,0.109779,0.100886,0.112889,1,1
200,0.123116,4652,0.136437,0.10512,0.119113,1,1
200,0.125628,4743,0.140042,0.110499,0.130102,1,1
200,0.128141,4839,0.142401,0.121453,0.122101,1,1
200,0.130653,4928,0.130507,0.119287,0.107206,1,1
200,0.133166,5016,0.145599,0.126373,0.12857,1,1
200,0.135678,5096,0.15046,0.130304,0.118681,1,1
200,0.138191,5183,0.154507,0.131682,0.11745,1,1
200,0.140704,5267,0.136595,0.128613,0.094402,1,1
200,0.143216,5355,0.152196,0.121309,0.135632,1,1
200,0.145729,5437,0.158561,0.13425,0.11891,1,1
200,0.148241,5528,0.160832,0.13811,0.12418,1,1
200,0.150754,5618,0.150511,0.122295,0.129315,1,1
200,0.153266,5704,0.164695,0.140944,0.141716,1,1
200,0.155779,5789,0.167392,0.128439,0.160365,1,1
200,0.158291,5870,0.173143,0.137375,0.134968,1,1
200,0.160804,5957,0.174181,0.135741,0.131055,1,1
200,0.163317,6042,0.171976,0.125863,0.146431,1,1
200,0.165829,6126,0.1621,0.153895,0.153525,1,1
200,0.168342,6211,0.177058,0.15363,0.133495,1,1
200,0.170854,6296,0.179658,0.154132,0.136117,1,1
200,0.173367,6372,0.180442,0.107579,0.154854,1,1
200,0.175879,6452,0.178112,0.152607,0.139947,1,1
200,0.178392,6536,0.181695,0.122776,0.148944,1,1
200,0.180905,6617,0.175045,0.127868,0.165613,1,1
200,0.183417,6699,0.198105,0.171403,0.16305,1,1
200,0.18593,6782,0.203811,0.126626,0.148044,1,1
200,0.188442,6861,0.195248,0.154144,0.141886,1,1
200,0.190955,6949,0.174529,0.130171,0.178422,1,1
200,0.193467,7029,0.301342,0.177613,0.192601,1,1
200,0.19598,7111,0.174809,0.203325,0.156588,1,1
200,0.198492,7198,0.19526,0.168848,0.17903,1,1
200,0.201005,7281,0.206231,0.141221,0.165361,1,1
200,0.203518,7365,0.203481,0.13796,0.16074,1,1
200,0.20603,7443,0.201292,0.131511,0.151841,1,1
200,0.208543,7525,0.224278,0.191911,0.186801,1,1
200,0.211055,7617,0.20475,0.209672,0.174045,1,1
200,0.213568,7699,0.308855,0.152873,0.236645,1,1
200,0.21608,7783,0.21159,0.18515,0.175104,1,1
200,0.218593,7867,0.19602,0.239371,0.244512,1,1
200,0.221106,7946,0.182087,0.226766,0.276078,1,1
200,0.223618,8024,0.206611,0.194024,0.197949,1,1
200,0.226131,8102,0.200195,0.195588,0.249661,1,1
200,0.228643,8179,0.197312,0.209498,0.186942,1,1
200,0.231156,8260,0.251262,0.187856,0.201032,1,1
200,0.233668,8346,0.213546,0.160102,0.185559,1,1
200,0.236181,8418,0.221215,0.150479,0.202345,1,1
200,0.238693,8504,0.354067,0.148806,0.319749,1,1
200,0.241206,8589,0.23413,0.179894,0.223393,1,1
200,0.243719,8665,0.338057,0.241481,0.207521,1,1
200,0.246231,8745,0.225469,0.188949,0.247797,1,1
200,0.248744,8825,0.274345,0.2003,0.181261,1,1
200,0.251256,8897,0.26358,0.173144,0.197321,1,1
200,0.253769,8974,0.235169,0.206994,0.233556,1,1
200,0.256281,9054,0.235198,0.195527,0.199328,1,1
200,0.258794,9131,0.245296,0.236145,0.20737,1,1
200,0.261307,9214,0.227971,0.192878,0.184372,1,1
200,0.263819,9289,0.229867,0.189346,0.214215,1,1
200,0.266332,9367,0.284534,0.197247,0.188764,1,1
200,0.268844,9446,0.277663,0.218746,0.219929,1,1
200,0.271357,9511,0.236401,0.184831,0.219536,1,1
200,0.273869,9596,0.26274,0.225838,0.205956,1,1
200,0.276382,9676,0.277002,0.205118,0.258378,1,1
200,0.278894,9749,0.252339,0.217901,0.19677,1,1
200,0.281407,9829,0.293036,0.227207,0.248217,1,1
200,0.28392,9897,0.262286,0.215529,0.227067,1,1
200,0.286432,9975,0.262787,0.222343,0.205952,1,1
200,0.288945,10048,0.302935,0.326252,0.239855,1,1
200,0.291457,10128,0.268913,0.20895,0.219518,1,1
200,0.29397,10201,0.342269,0.303953,0.21377,1,1
200,0.296482,10284,0.269791,0.214345,0.200899,1,1
200,0.298995,10354,0.276017,0.227331,0.234249,1,1
200,0.301508,10429,0.269782,0.223037,0.209398,1,1
200,0.30402,10501,0.255113,0.241217,0.238433,1,1
200,0.306533,10578,0.280598,0.225185,0.242749,1,1
200,0.309045,10653,0.360528,0.208586,0.230295,1,1
200,0.311558,10723,0.282764,0.245499,0.249884,1,1
200,0.31407,10805,0.296308,0.247489,0.246221,1,1
200,0.316583,10891,0.292554,0.265504,0.258408,1,1
200,0.319095,10965,0.322926,0.236517,0.250089,1,1
200,0.321608,11033,0.252398,0.252538,0.242697,1,1
200,0.324121,11109,0.27038,0.250879,0.259545,1,1
200,0.326633,11182,0.279189,0.261665,0.226211,1,1
200,0.329146,11251,0.294338,0.216815,0.26802,1,1
200,0.331658,11325,0.280735,0.269395,0.269485,1,1
200,0.334171,11399,0.300247,0.227121,0.251945,1,1
200,0.336683,11473,0.286009,0.235183,0.230672,1,1
200,0.339196,11547,0.408535,0.32281,0.294206,1,1
200,0.341709,11614,0.342603,0.258206,0.443817,1,1
200,0.344221,11687,0.311133,0.234283,0.223561,1,1
200,0.346734,11762,0.455583,0.272574,0.339338,1,1
200,0.349246,11843,0.430236,0.383325,0.313902,1,1
200,0.351759,11912,0.311559,0.260017,0.267195,1,1
200,0.354271,11984,0.319738,0.255529,0.240429,1,1
200,0.356784,12060,0.301961,0.241254,0.247312,1,1
200,0.359296,12131,0.298333,0.257882,0.260192,1,1
200,0.361809,12202,0.307967,0.251697,0.264097,1,1
200,0.364322,12270,0.291917,0.274892,0.262056,1,1
200,0.366834,12337,0.31159,0.238426,0.258621,1,1
200,0.369347,12404,0.279266,0.269723,0.262401,1,1
200,0.371859,12477,0.322171,0.269866,0.261909,1,1
200,0.374372,12552,0.355823,0.24207,0.27385,1,1
200,0.376884,12613,0.338124,0.281264,0.329461,1,1
200,0.379397,12688,0.309314,0.261847,0.26364,1,1
200,0.38191,12758,0.312083,0.275933,0.283939,1,1
200,0.384422,12825,0.325375,0.257821,0.284946,1,1
200,0.386935,12889,0.435323,0.330186,0.296618,1,1
200,0.389447,12960,0.314881,0.254815,0.359007,1,1
200,0.39196,13027,0.390159,0.358518,0.293079,1,1
200,0.394472,13097,0.364656,0.262695,0.25639,1,1
200,0.396985,13161,0.338686,0.278343,0.289578,1,1
200,0.399497,13225,0.334961,0.273382,0.29104,1,1
200,0.40201,13284,0.343395,0.268272,0.324741,1,1
200,0.404523,13349,0.358814,0.299759,0.302439,1,1
200,0.407035,13413,0.419171,0.345018,0.304926,1,1
200,0.409548,13474,0.343275,0.297615,0.290214,1,1
200,0.41206,13541,0.368753,0.294869,0.301608,1,1
200,0.414573,13602,0.353696,0.268791,0.291798,1,1
200,0.417085,13674,0.346192,0.27586,0.261723,1,1
200,0.419598,13742,0.353113,0.277935,0.273205,1,1
200,0.422111,13807,0.368887,0.290917,0.296934,1,1
200,0.424623,13865,0.36019,0.279628,0.269813,1,1
200,0.427136,13934,0.35875,0.296661,0.333345,1,1
200,0.429648,13994,0.359116,0.304695,0.298597,1,1
200,0.432161,14055,0.39284,0.299729,0.30414,1,1
200,0.434673,14117,0.367219,0.274916,0.277834,1,1
200,0.437186,14184,0.355746,0.293433,0.306857,1,1
200,0.439698,14253,0.384784,0.274448,0.307841,1,1
200,0.442211,14318,0.37094,0.309192,0.326907,1,1
200,0.444724,14379,0.381046,0.282461,0.292934,1,1
200,0.447236,14442,0.373874,0.333777,0.367172,1,1
200,0.449749,14509,0.380092,0.322001,0.312312,1,1
200,0.452261,14559,0.39763,0.288843,0.317308,1,1
200,0.454774,14623,0.375288,0.310734,0.276705,1,1
200,0.457286,14683,0.379773,0.318799,0.324025,1,1
200,0.459799,14748,0.385054,0.300539,0.31035,1,1
200,0.462312,14811,0.389343,0.315911,0.338821,1,1
200,0.464824,14872,0.408184,0.316238,0.310155,1,1
200,0.467337,14942,0.433398,0.345627,0.341965,1,1
200,0.469849,15004,0.395914,0.314271,0.317075,1,1
200,0.472362,15071,0.398303,0.310046,0.313564,1,1
200,0.474874,15133,0.521842,0.364037,0.339524,1,1
200,0.477387,15191,0.399196,0.315303,0.321036,1,1
200,0.479899,15237,0.399222,0.33506,0.324624,1,1
200,0.482412,15300,0.383652,0.367408,0.323455,1,1
200,0.484925,15365,0.403671,0.339699,0.348397,1,1
200,0.487437,15424,0.391572,0.324037,0.331194,1,1
200,0.48995,15490,0.393498,0.308609,0.324016,1,1
200,0.492462,15554,0.37935,0.308381,0.32153,1,1
200,0.494975,15613,0.479329,0.390064,0.379333,1,1
200,0.497487,15666,0.397918,0.337179,0.321387,1,1
200,0.5,15727,0.404631,0.331431,0.320896,1,1
200,0.502513,15779,0.411098,0.33086,0.340899,1,1
200,0.505025,15834,0.394817,0.317485,0.335521,1,1
200,0.507538,15898,0.397249,0.458505,0.389176,1,1
200,0.51005,15954,0.413604,0.321914,0.314752,1,1
200,0.512563,16011,0.413733,0.337119,0.34401,1,1
200,0.515075,16070,0.471878,0.360322,0.335206,1,1
200,0.517588,16134,0.41792,0.366567,0.34485,1,1
200,0.520101,16200,0.411151,0.327458,0.367953,1,1
200,0.522613,16263,0.457422,0.341028,0.347033,1,1
200,0.525126,16316,0.405149,0.32795,0.339314,1,1
200,0.527638,16377,0.423159,0.35785,0.354869,1,1
200,0.530151,16437,0.418366,0.341515,0.352899,1,1
200,0.532663,16493,0.398896,0.340712,0.35056,1,1
200,0.535176,16560,0.415906,0.382072,0.343794,1,1
200,0.537688,16620,0.434333,0.348331,0.331975,1,1
200,0.540201,16684,0.431912,0.342876,0.355093,1,1
200,0.542714,16746,0.417727,0.32887,0.349833,1,1
200,0.545226,16811,0.423981,0.358421,0.348265,1,1
200,0.547739,16864,0.412828,0.345643,0.357375,1,1
200,0.550251,16930,0.442235,0.369017,0.362367,1,1
200,0.552764,16991,0.452504,0.395344,0.329606,1,1
200,0.555276,17058,0.433103,0.339066,0.346728,1,1
200,0.557789,17113,0.445254,0.350929,0.350591,1,1
200,0.560302,17166,0.43661,0.350468,0.365108,1,1
200,0.562814,17226,0.476095,0.359778,0.373084,1,1
200,0.565327,17277,0.424775,0.362101,0.345146,1,1
200,0.567839,17337,0.422936,0.356518,0.349628,1,1
200,0.570352,17394,0.424091,0.384778,0.367454,1,1
200,0.572864,17454,0.43446,0.350266,0.359662,1,1
200,0.575377,17508,0.436044,0.369308,0.345798,1,1
200,0.577889,17563,0.454957,0.376078,0.378408,1,1
200,0.580402,17622,0.414841,0.380072,0.366014,1,1
200,0.582915,17684,0.488228,0.376538,0.352134,1,1
200,0.585427,17746,0.444139,0.3613,0.347438,1,1
200,0.58794,17800,0.440048,0.36715,0.367252,1,1
200,0.590452,17853,0.529687,0.364987,0.373127,1,1
200,0.592965,17907,0.465294,0.348625,0.350052,1,1
200,0.595477,17962,0.424228,0.346819,0.347812,1,1
200,0.59799,18012,0.446955,0.362525,0.395873,1,1
200,0.600503,18073,0.485689,0.371402,0.372572,1,1
200,0.603015,18126,0.463515,0.356759,0.371472,1,1
200,0.605528,18181,0.45534,0.43519,0.383517,1,1
200,0.60804,18239,0.455122,0.379374,0.386382,1,1
200,0.610553,18295,0.497226,0.371514,0.383172,1,1
200,0.613065,18346,0.437369,0.376718,0.392731,1,1
200,0.615578,18394,0.484766,0.37363,0.379534,1,1
200,0.61809,18447,0.460459,0.360494,0.366936,1,1
200,0.620603,18495,0.468948,0.377764,0.356134,1,1
200,0.623116,18543,0.435105,0.373095,0.380563,1,1
200,0.625628,18599,0.467561,0.373744,0.390858,1,1
200,0.628141,18656,0.451748,0.409755,0.381811,1,1
200,0.630653,18704,0.449065,0.379919,0.37366,1,1
200,0.633166,18755,0.458001,0.386125,0.402201,1,1
200,0.635678,18807,0.483208,0.388811,0.398705,1,1
200,0.638191,18854,0.506298,0.422063,0.379978,1,1
200,0.640704,18906,0.521858,0.377774,0.359806,1,1
200,0.643216,18959,0.477527,0.370498,0.408781,1,1
200,0.645729,19017,0.457585,0.392359,0.371306,1,1
200,0.648241,19071,0.443307,0.390877,0.396333,1,1
200,0.650754,19127,0.444423,0.34534,0.39841,1,1
200,0.653266,19182,0.457388,0.369392,0.372411,1,1
200,0.655779,19230,0.463263,0.39305,0.43815,1,1
200,0.658291,19285,0.479273,0.387544,0.382702,1,1
200,0.660804,19333,0.454491,0.390096,0.388604,1,1
200,0.663317,19388,0.609109,0.398792,0.406952,1,1
200,0.665829,19437,0.53463,0.393809,0.405713,1,1
200,0.668342,19486,0.462592,0.403425,0.429594,1,1
200,0.670854,19538,0.46776,0.36126,0.372,1,1
200,0.673367,19594,0.493459,0.391542,0.401818,1,1
200,0.675879,19640,0.476642,0.385435,0.390334,1,1
200,0.678392,19686,0.463159,0.391426,0.405003,1,1
200,0.680905,19733,0.475164,0.374958,0.394393,1,1
200,0.683417,19786,0.480014,0.392138,0.377837,1,1
200,0.68593,19828,0.490412,0.39538,0.380837,1,1
200,0.688442,19879,0.52411,0.409096,0.398847,1,1
200,0.690955,19925,0.46342,0.375193,0.398998,1,1
200,0.693467,19975,0.460671,0.36978,0.386901,1,1
200,0.69598,20023,0.494645,0.360668,0.380797,1,1
200,0.698492,20069,0.476241,0.409673,0.403275,1,1
200,0.701005,20120,0.468206,0.419319,0.413318,1,1
200,0.703518,20164,0.494331,0.399791,0.402858,1,1
200,0.70603,20209,0.474869,0.383455,0.409602,1,1
200,0.708543,20258,0.506808,0.431316,0.36891,1,1
200,0.711055,20312,0.486578,0.376572,0.384795,1,1
200,0.713568,20359,0.505789,0.392989,0.40829,1,1
200,0.71608,20403,0.504336,0.414417,0.416675,1,1
200,0.718593,20452,0.465539,0.383637,0.410757,1,1
200,0.721106,20508,0.521793,0.393665,0.425174,1,1
200,0.723618,20554,0.500483,0.498203,0.445522,1,1
200,0.726131,20603,0.489072,0.416023,0.389342,1,1
200,0.728643,20656,0.498818,0.414235,0.384961,1,1
200,0.731156,20704,0.488417,0.386289,0.406487,1,1
200,0.733668,20757,0.502236,0.424828,0.42085,1,1
200,0.736181,20800,0.487839,0.413917,0.426672,1,1
200,0.738693,20846,0.488828,0.402446,0.431249,1,1
200,0.741206,20892,0.47965,0.387459,0.405997,1,1
200,0.743719,20934,0.515111,0.390415,0.395664,1,1
200,0.746231,20984,0.51049,0.423382,0.399441,1,1
200,0.748744,21027,0.504592,0.420346,0.411872,1,1
200,0.751256,21075,0.485192,0.425892,0.432436,1,1
200,0.753769,21121,0.487797,0.401517,0.408614,1,1
200,0.756281,21168,0.4929,0.398893,0.421161,1,1
200,0.758794,21210,0.48853,0.399773,0.404063,1,1
200,0.761307,21267,0.520878,0.495755,0.484205,1,1
200,0.763819,21310,0.511559,0.408537,0.434427,1,1
200,0.766332,21358,0.513074,0.422435,0.467305,1,1
200,0.768844,21405,0.538791,0.457827,0.483364,1,1
200,0.771357,21452,0.570572,0.494132,0.611949,1,1
200,0.773869,21503,0.548019,0.457114,0.409494,1,1
200,0.776382,21548,0.608918,0.422709,0.450302,1,1
200,0.778894,21598,0.489993,0.437185,0.426597,1,1
200,0.781407,21647,0.501951,0.390832,0.387359,1,1
200,0.78392,21696,0.497758,0.406469,0.464613,1,1
200,0.786432,21737,0.491227,0.393039,0.465283,1,1
200,0.788945,21792,0.485666,0.459743,0.445559,1,1
200,0.791457,21835,0.559467,0.38906,0.45854,1,1
200,0.79397,21882,0.514101,0.392131,0.392101,1,1
200,0.796482,21926,0.532256,0.429407,0.439029,1,1
200,0.798995,21974,0.58903,0.430988,0.425443,1,1
200,0.801508,22025,0.583154,0.465234,0.430354,1,1
200,0.80402,22075,0.553484,0.443346,0.390905,1,1
200,0.806533,22122,0.549084,0.469533,0.459826,1,1
200,0.809045,22163,0.534895,0.47348,0.520164,1,1
200,0.811558,22209,0.596608,0.505719,0.459979,1,1
200,0.81407,22251,0.523055,0.460702,0.472228,1,1
200,0.816583,22301,0.558319,0.533352,0.43916,1,1
200,0.819095,22344,0.584038,0.447265,0.447704,1,1
200,0.821608,22383,0.564476,0.403364,0.475115,1,1
200,0.824121,22433,0.717979,0.540673,0.511666,1,1
200,0.826633,22484,0.558872,0.417098,0.414851,1,1
200,0.829146,22532,0.563936,0.480586,0.446224,1,1
200,0.831658,22578,0.517258,0.417434,0.467983,1,1
200,0.834171,22619,0.578488,0.430732,0.517115,1,1
200,0.836683,22667,0.58769,0.442242,0.471449,1,1
200,0.839196,22704,0.516883,0.414008,0.465097,1,1
200,0.841709,22751,0.508472,0.407998,0.48057,1,1
200,0.844221,22792,0.526112,0.435662,0.45147,1,1
200,0.846734,22831,0.586438,0.431202,0.429706,1,1
200,0.849246,22878,0.536558,0.440462,0.473201,1,1
200,0.851759,22917,0.554248,0.433152,0.47244,1,1
200,0.854271,22962,0.562346,0.4159,0.440353,1,1
200,0.856784,23004,0.561762,0.469822,0.466479,1,1
200,0.859296,23043,0.541249,0.439112,0.407156,1,1
200,0.861809,23089,0.557569,0.491936,0.413049,1,1
200,0.864322,23120,0.572075,0.493306,0.439779,1,1
200,0.866834,23159,0.568692,0.481587,0.437289,1,1
200,0.869347,23201,0.573457,0.474194,0.407753,1,1
200,0.871859,23244,0.575127,0.485476,0.435868,1,1
200,0.874372,23292,0.58849,0.501522,0.461194,1,1
200,0.876884,23340,0.594413,0.48448,0.512137,1,1
200,0.879397,23383,0.588289,0.436308,0.507707,1,1
200,0.88191,23421,0.557097,0.435574,0.502602,1,1
200,0.884422,23463,0.577617,0.424791,0.498036,1,1
200,0.886935,23496,0.592478,0.423537,0.441067,1,1
200,0.889447,23533,0.54075,0.453299,0.429525,1,1
200,0.89196,23584,0.51845,0.468527,0.561355,1,1
200,0.894472,23616,0.574599,0.509905,0.548855,1,1
200,0.896985,23660,0.520147,0.453562,0.614748,1,1
200,0.899497,23706,0.56946,0.409369,0.450134,1,1
200,0.90201,23748,0.576824,0.464891,0.540809,1,1
200,0.904523,23794,0.51558,0.476488,0.45097,1,1
200,0.907035,23830,0.558625,0.422605,0.448757,1,1
200,0.909548,23868,0.62601,0.45237,0.493599,1,1
200,0.91206,23902,0.629234,0.521637,0.675486,1,1
200,0.914573,23945,0.5904,0.486981,0.531298,1,1
200,0.917085,23989,0.564433,0.458043,0.538142,1,1
200,0.919598,24029,0.611897,0.44918,0.474197,1,1
200,0.922111,24075,0.591626,0.448525,0.491253,1,1
200,0.924623,24117,0.62252,0.540716,0.522756,1,1
200,0.927136,24157,0.568625,0.475597,0.472537,1,1
200,0.929648,24194,0.55672,0.452966,0.492123,1,1
200,0.932161,24237,0.561893,0.474896,0.495437,1,1
200,0.934673,24276,0.575398,0.469556,0.486225,1,1
200,0.937186,24312,0.600679,0.459495,0.470898,1,1
200,0.939698,24345,0.584724,0.463014,0.484396,1,1
200,0.942211,24387,0.57514,0.450482,0.501073,1,1
200,0.944724,24428,0.595014,0.46018,0.495931,1,1
200,0.947236,24465,0.600545,0.444035,0.499582,1,1
200,0.949749,24512,0.591734,0.448481,0.510932,1,1
200,0.952261,24555,0.605737,0.442922,0.49401,1,1
200,0.954774,24603,0.612909,0.473368,0.492131,1,1
200,0.957286,24634,0.581048,0.494785,0.505264,1,1
200,0.959799,24671,0.546706,0.493935,0.501057,1,1
200,0.962312,24718,0.580249,0.504145,0.515873,1,1
200,0.964824,24761,0.564146,0.517701,0.511455,1,1
200,0.967337,24787,0.56065,0.51403,0.485432,1,1
200,0.969849,24818,0.589328,0.499366,0.52084,1,1
200,0.972362,24858,0.624931,0.524329,0.477674,1,1
200,0.974874,24902,0.599949,0.516105,0.461808,1,1
200,0.977387,24944,0.616209,0.477356,0.491467,1,1
200,0.979899,24976,0.624085,0.501168,0.519069,1,1
200,0.982412,25013,0.610184,0.50563,0.506208,1,1
200,0.984925,25048,0.603239,0.506065,0.505729,1,1
200,0.987437,25088,0.620545,0.523636,0.52378,1,1
200,0.98995,25118,0.619459,0.523099,0.482878,1,1
200,0.992462,25152,0.606274,0.510038,0.472599,1,1
200,0.994975,25183,0.612528,0.47237,0.474862,1,1
200,0.997487,25212,0.621627,0.476763,0.477096,1,1
200,1.0,25246,0.619289,0.507519,0.484775,1,1
300,0.0,0,0.002633,0.002651,0.002647,300,1
300,0.001115,100,0.011264,0.011491,0.009538,300,1
300,0.00223,200,0.01537,0.017092,0.016034,299,1
300,0.003344,300,0.021198,0.019956,0.020193,299,1
300,0.004459,401,0.025446,0.025655,0.02573,274,1
300,0.005574,501,0.02938,0.029443,0.030617,182,1
300,0.006689,600,0.036265,0.034931,0.033912,94,1
300,0.007804,699,0.042003,0.039684,0.040209,63,1
300,0.008919,799,0.046297,0.043856,0.043861,39,1
300,0.010033,898,0.052762,0.044431,0.048894,30,1
300,0.011148,998,0.056989,0.052357,0.053344,21,1
300,0.012263,1095,0.052895,0.046803,0.056059,10,1
300,0.013378,1193,0.067294,0.056793,0.050164,8,1
300,0.014493,1292,0.072051,0.064263,0.071675,8,1
300,0.015608,1391,0.089647,0.064885,0.062195,6,1
300,0.016722,1489,0.081535,0.075516,0.072332,5,1
300,0.017837,1587,0.085072,0.0783,0.07843,3,1
300,0.018952,1685,0.092901,0.083265,0.082335,2,1
300,0.020067,1784,0.092046,0.085658,0.086761,2,1
300,0.021182,1883,0.100789,0.089202,0.090499,1,1
300,0.022297,1982,0.103712,0.085005,0.084765,1,1
300,0.023411,2081,0.10737,0.093629,0.092133,1,1
300,0.024526,2179,0.106777,0.097424,0.096313,1,1
300,0.025641,2276,0.118978,0.105622,0.107796,1,1
300,0.026756,2374,0.119457,0.094196,0.094582,1,1
300,0.027871,2474,0.125755,0.109319,0.111954,1,1
300,0.028986,2573,0.121929,0.100116,0.104002,1,1
300,0.0301,2669,0.132796,0.114073,0.117994,1,1
300,0.031215,2769,0.130126,0.115093,0.120429,1,1
300,0.03233,2866,0.145808,0.124641,0.125684,1,1
300,0.033445,2964,0.142987,0.12085,0.114083,1,1
300,0.03456,3062,0.136842,0.122697,0.123243,1,1
300,0.035674,3159,0.154388,0.130122,0.133072,1,1
300,0.036789,3256,0.159291,0.109703,0.11661,1,1
300,0.037904,3355,0.162444,0.122687,0.127191,1,1
300,0.039019,3453,0.152,0.130451,0.142941,1,1
300,0.040134,3554,0.155419,0.130482,0.143844,1,1
300,0.041249,3650,0.174626,0.131521,0.132251,1,1
300,0.042363,3748,0.178303,0.146153,0.138271,1,1
300,0.043478,3847,0.183754,0.153594,0.157724,1,1
300,0.044593,3939,0.187921,0.156119,0.159248,1,1
300,0.045708,4035,0.190254,0.158481,0.168116,1,1
300,0.046823,4131,0.174314,0.127065,0.151455,1,1
300,0.047938,4225,0.194154,0.159825,0.172605,1,1
300,0.049052,4318,0.199311,0.175099,0.17594,1,1
300,0.050167,4415,0.201537,0.157993,0.173826,1,1
300,0.051282,4510,0.211097,0.18235,0.160391,1,1
300,0.052397,4607,0.205399,0.171476,0.177811,1,1
300,0.053512,4704,0.202578,0.145423,0.16207,1,1
300,0.054627,4799,0.217372,0.187824,0.184701,1,1
300,0.055741,4892,0.224457,0.190183,0.173819,1,1
300,0.056856,4987,0.218616,0.142249,0.168855,1,1
300,0.057971,5077,0.237116,0.176302,0.179333,1,1
300,0.059086,5169,0.228699,0.198164,0.203025,1,1
300,0.060201,5266,0.221643,0.198633,0.176993,1,1
300,0.061315,5357,0.21731,0.205951,0.198875,1,1
300,0.06243,5452,0.246378,0.197472,0.163746,1,1
300,0.063545,5545,0.236578,0.203124,0.196292,1,1
300,0.06466,5640,0.257143,0.217701,0.191423,1,1
300,0.065775,5729,0.254802,0.201659,0.222247,1,1
300,0.06689,5826,0.259677,0.225926,0.199055,1,1
300,0.068004,5919,0.258982,0.216567,0.173658,1,1
300,0.069119,6009,0.271423,0.228355,0.22571,1,1
300,0.070234,6102,0.277547,0.204119,0.233742,1,1
300,0.071349,6194,0.275357,0.225488,0.209098,1,1
300,0.072464,6286,0.27619,0.214298,0.234262,1,1
300,0.073579,6377,0.274901,0.18137,0.203459,1,1
300,0.074693,6472,0.280693,0.241751,0.210462,1,1
300,0.075808,6567,0.293484,0.193336,0.18648,1,1
300,0.076923,6663,0.287392,0.237602,0.223668,1,1
300,0.078038,6755,0.293927,0.245468,0.225739,1,1
300,0.079153,6845,0.266033,0.257172,0.248175,1,1
300,0.080268,6938,0.306838,0.222965,0.226537,1,1
300,0.081382,7028,0.283237,0.256336,0.256812,1,1
300,0.082497,7118,0.313378,0.259911,0.260646,1,1
300,0.083612,7212,0.323111,0.253925,0.267508,1,1
300,0.084727,7308,0.290392,0.242657,0.245512,1,1
300,0.085842,7399,0.302604,0.269907,0.262898,1,1
300,0.086957,7490,0.317761,0.233534,0.277714,1,1
300,0.088071,7579,0.305567,0.269052,0.278209,1,1
300,0.089186,7672,0.332352,0.280595,0.250742,1,1
300,0.090301,7763,0.338147,0.280589,0.279598,1,1
300,0.091416,7853,0.324491,0.263138,0.216857,1,1
300,0.092531,7944,0.38973,0.288616,0.28948,1,1
300,0.093645,8039,0.347192,0.286141,0.225125,1,1
300,0.09476,8134,0.343164,0.293228,0.24556,1,1
300,0.095875,8229,0.367151,0.292025,0.292585,1,1
300,0.09699,8326,0.362719,0.310858,0.286841,1,1
300,0.098105,8417,0.346971,0.275522,0.286338,1,1
300,0.09922,8503,0.363149,0.302432,0.278163,1,1
300,0.100334,8598,0.343839,0.303366,0.273292,1,1
300,0.101449,8689,0.380155,0.31637,0.285979,1,1
300,0.102564,8781,0.389813,0.329131,0.28586,1,1
300,0.103679,8877,0.380814,0.249845,0.324238,1,1
300,0.104794,8965,0.401496,0.327076,0.332555,1,1
300,0.105909,9057,0.364878,0.321518,0.332102,1,1
300,0.107023,9142,0.386691,0.326881,0.306744,1,1
300,0.108138,9230,0.382381,0.336154,0.32733,1,1
300,0.109253,9322,0.374048,0.311051,0.360351,1,1
300,0.110368,9412,0.409866,0.352725,0.316347,1,1
300,0.111483,9500,0.404938,0.324386,0.34225,1,1
300,0.112598,9592,0.407426,0.273485,0.31736,1,1
300,0.113712,9682,0.408489,0.348941,0.346661,1,1
300,0.114827,9774,0.405254,0.33325,0.288464,1,1
300,0.115942,9864,0.356999,0.322742,0.279237,1,1
300,0.117057,9955,0.419965,0.343655,0.355442,1,1
300,0.118172,10047,0.40528,0.349134,0.374355,1,1
300,0.119287,10142,0.441559,0.376098,0.336968,1,1
300,0.120401,10227,0.392628,0.318209,0.364648,1,1
300,0.121516,10315,0.376791,0.321382,0.367707,1,1
300,0.122631,10405,0.401465,0.358919,0.302446,1,1
300,0.123746,10490,0.408186,0.347805,0.382089,1,1
300,0.124861,10580,0.401964,0.334159,0.327025,1,1
300,0.125975,10667,0.41315,0.301892,0.333448,1,1
300,0.12709,10755,0.417451,0.391641,0.355561,1,1
300,0.128205,10844,0.416411,0.386744,0.391024,1,1
300,0.12932,10929,0.394085,0.39145,0.395506,1,1
300,0.130435,11015,0.426581,0.377977,0.402021,1,1
300,0.13155,11106,0.430505,0.399901,0.392164,1,1
300,0.132664,11188,0.439795,0.402875,0.392475,1,1
300,0.133779,11280,0.410692,0.401514,0.357451,1,1
300,0.134894,11370,0.439027,0.373173,0.399779,1,1
300,0.136009,11457,0.440099,0.41325,0.395384,1,1
300,0.137124,11541,0.442619,0.414309,0.392118,1,1
300,0.138239,11630,0.413823,0.413028,0.41051,1,1
300,0.139353,11717,0.463101,0.379837,0.399671,1,1
300,0.140468,11806,0.456669,0.37138,0.3358,1,1
300,0.141583,11893,0.448365,0.406933,0.412822,1,1
300,0.142698,11979,0.419495,0.410936,0.418388,1,1
300,0.143813,12067,0.453889,0.392425,0.433833,1,1
300,0.144928,12153,0.457938,0.430092,0.374202,1,1
300,0.146042,12241,0.478074,0.367921,0.427011,1,1
300,0.147157,12332,0.48677,0.429809,0.421795,1,1
300,0.148272,12419,0.495338,0.433255,0.434228,1,1
300,0.149387,12501,0.50903,0.453147,0.447263,1,1
300,0.150502,12588,0.526228,0.414778,0.440068,1,1
300,0.151616,12672,0.509857,0.448427,0.430834,1,1
300,0.152731,12755,0.534456,0.444056,0.454026,1,1
300,0.153846,12844,0.522763,0.454884,0.445993,1,1
300,0.154961,12929,0.529752,0.454995,0.448838,1,1
300,0.156076,13009,0.505947,0.442706,0.45826,1,1
300,0.157191,13096,0.546556,0.414524,0.453197,1,1
300,0.158305,13187,0.534853,0.431595,0.430774,1,1
300,0.15942,13274,0.545558,0.462314,0.434085,1,1
300,0.160535,13356,0.542642,0.466204,0.458251,1,1
300,0.16165,13442,0.572854,0.470927,0.450616,1,1
300,0.162765,13525,0.543999,0.468858,0.466642,1,1
300,0.16388,13610,0.536285,0.459517,0.464649,1,1
300,0.164994,13693,0.577564,0.42332,0.463178,1,1
300,0.166109,13780,0.556807,0.436682,0.472127,1,1
300,0.167224,13868,0.565925,0.481803,0.409039,1,1
300,0.168339,13955,0.571525,0.487581,0.45834,1,1
300,0.169454,14042,0.58207,0.47866,0.483124,1,1
300,0.170569,14133,0.565666,0.458692,0.475047,1,1
300,0.171683,14210,0.563363,0.485458,0.483047,1,1
300,0.172798,14297,0.558794,0.492235,0.450962,1,1
300,0.173913,14381,0.544957,0.486024,0.484748,1,1
300,0.175028,14462,0.54141,0.495397,0.488009,1,1
300,0.176143,14541,0.602797,0.444442,0.493665,1,1
300,0.177258,14629,0.590982,0.442956,0.480966,1,1
300,0.178372,14711,0.586021,0.452074,0.49217,1,1
300,0.179487,14787,0.623709,0.476472,0.564216,1,1
300,0.180602,14869,0.612391,0.504837,0.520235,1,1
300,0.181717,14944,0.629081,0.508284,0.505051,1,1
300,0.182832,15022,0.618096,0.453238,0.459824,1,1
300,0.183946,15103,0.576026,0.506494,0.487014,1,1
300,0.185061,15186,0.612604,0.509335,0.496319,1,1
300,0.186176,15269,0.58564,0.504102,0.485222,1,1
300,0.187291,15353,0.712812,0.536884,0.73161,1,1
300,0.188406,15434,0.695638,0.519973,0.623614,1,1
300,0.189521,15517,0.598861,0.516645,0.794765,1,1
300,0.190635,15594,0.628236,0.508978,0.502907,1,1
300,0.19175,15680,0.624808,0.486947,0.5792,1,1
300,0.192865,15766,0.634626,0.505121,0.554898,1,1
300,0.19398,15850,0.643912,0.483737,0.561917,1,1
300,0.195095,15936,0.580614,0.459473,0.476131,1,1
300,0.19621,16022,0.652947,0.48157,0.546468,1,1
300,0.197324,16106,0.692025,0.495346,0.55339,1,1
300,0.198439,16195,0.659768,0.489813,0.554586,1,1
300,0.199554,16276,0.685718,0.593517,0.547953,1,1
300,0.200669,16361,0.606475,0.481626,0.551452,1,1
300,0.201784,16443,0.620244,0.558291,0.586395,1,1
300,0.202899,16524,0.648113,0.558303,0.587511,1,1
300,0.204013,16610,0.590925,0.523339,0.541174,1,1
300,0.205128,16693,0.652602,0.56135,0.601585,1,1
300,0.206243,16770,0.687824,0.567288,0.569886,1,1
300,0.207358,16854,0.678629,0.557145,0.559614,1,1
300,0.208473,16939,0.686529,0.542213,0.597003,1,1
300,0.209588,17018,0.692898,0.548456,0.54447,1,1
300,0.210702,17101,0.694179,0.581448,0.525212,1,1
300,0.211817,17185,0.702741,0.590748,0.597159,1,1
300,0.212932,17271,0.697211,0.532733,0.605897,1,1
300,0.214047,17353,0.730264,0.581911,0.612979,1,1
300,0.215162,17433,0.678364,0.573959,0.567691,1,1
300,0.216276,17511,0.718068,0.596127,0.626011,1,1
300,0.217391,17593,0.71111,0.598819,0.614849,1,1
300,0.218506,17676,0.716256,0.597434,0.52443,1,1
300,0.219621,17755,0.694761,0.603127,0.516529,1,1
300,0.220736,17837,0.732395,0.551416,0.604618,1,1
300,0.221851,17913,0.729409,0.517495,0.609835,1,1
300,0.222965,17988,0.685118,0.60462,0.634819,1,1
300,0.22408,18067,0.741469,0.619871,0.613886,1,1
300,0.225195,18147,0.717974,0.607559,0.600992,1,1
300,0.22631,18225,0.740944,0.615394,0.56011,1,1
300,0.227425,18309,0.741737,0.596264,0.635249,1,1
300,0.22854,18384,0.75874,0.594216,0.645772,1,1
300,0.229654,18462,0.676341,0.624416,0.626507,1,1
300,0.230769,18546,0.780015,0.638029,0.667575,1,1
300,0.231884,18630,0.760311,0.633843,0.552504,1,1
300,0.232999,18714,0.751032,0.610093,0.611476,1,1
300,0.234114,18786,0.780933,0.606337,0.662745,1,1
300,0.235229,18867,0.732611,0.581354,0.663306,1,1
300,0.236343,18945,0.778127,0.644914,0.650774,1,1
300,0.237458,19029,0.785996,0.649923,0.651088,1,1
300,0.238573,19105,0.790827,0.576028,0.662688,1,1
300,0.239688,19184,0.762319,0.653102,0.67808,1,1
300,0.240803,19266,0.805723,0.65779,0.616537,1,1
300,0.241918,19342,0.800016,0.667875,0.670436,1,1
300,0.243032,19420,0.802158,0.601433,0.671277,1,1
300,0.244147,19498,0.733172,0.65998,0.665335,1,1
300,0.245262,19582,0.796808,0.65564,0.607394,1,1
300,0.246377,19660,0.736822,0.646766,0.662777,1,1
300,0.247492,19739,0.810685,0.661798,0.666683,1,1
300,0.248606,19811,0.812898,0.666602,0.691327,1,1
300,0.249721,19895,0.820127,0.672915,0.611122,1,1
300,0.250836,19976,0.817656,0.584788,0.702186,1,1
300,0.251951,20051,0.750434,0.662473,0.705177,1,1
300,0.253066,20129,0.827878,0.674992,0.64408,1,1
300,0.254181,20206,0.830637,0.641539,0.683168,1,1
300,0.255295,20284,0.809407,0.690461,0.69779,1,1
300,0.25641,20360,0.805406,0.649562,0.689674,1,1
300,0.257525,20438,0.857619,0.71172,0.767559,1,1
300,0.25864,20519,0.776275,0.692587,0.675717,1,1
300,0.259755,20604,0.851268,0.690421,0.647391,1,1
300,0.26087,20684,0.847738,0.662281,0.721479,1,1
300,0.261984,20757,0.827927,0.701087,0.650144,1,1
300,0.263099,20834,0.839949,0.716933,0.695227,1,1
300,0.264214,20916,0.832161,0.640809,0.686503,1,1
300,0.265329,20989,0.853901,0.673287,0.722966,1,1
300,0.266444,21060,0.852127,0.672457,0.673287,1,1
300,0.267559,21138,0.798936,0.694423,0.709749,1,1
300,0.268673,21209,0.886411,0.732532,0.756756,1,1
300,0.269788,21282,0.872521,0.744948,0.690201,1,1
300,0.270903,21358,0.877445,0.709985,0.761481,1,1
300,0.272018,21438,0.890669,0.730086,0.673253,1,1
300,0.273133,21519,0.901527,0.66999,0.737906,1,1
300,0.274247,21587,0.854733,0.729605,0.733284,1,1
300,0.275362,21665,0.891711,0.732701,0.698663,1,1
300,0.276477,21737,0.88132,0.64398,0.749567,1,1
300,0.277592,21815,0.848052,0.727373,0.763841,1,1
300,0.278707,21887,0.882782,0.735453,0.765005,1,1
300,0.279822,21964,0.830784,0.700333,0.73816,1,1
300,0.280936,22040,0.868667,0.702779,0.703916,1,1
300,0.282051,22118,0.886549,0.657011,0.761874,1,1
300,0.283166,22195,0.817737,0.754822,0.768111,1,1
300,0.284281,22270,0.914609,0.73604,0.749724,1,1
300,0.285396,22334,0.848186,0.764977,0.781322,1,1
300,0.286511,22411,0.919119,0.754116,0.779283,1,1
300,0.287625,22486,0.931058,0.748922,0.784163,1,1
300,0.28874,22566,0.911631,0.759174,0.744685,1,1
300,0.289855,22640,0.946729,0.767104,0.788864,1,1
300,0.29097,22711,0.890759,0.67108,0.76497,1,1
300,0.292085,22793,0.883072,0.745408,0.780005,1,1
300,0.2932,22865,0.898494,0.736889,0.727905,1,1
300,0.294314,22943,0.921984,0.757956,0.70025,1,1
300,0.295429,23019,0.906361,0.74717,0.73275,1,1
300,0.296544,23092,0.962089,0.75452,0.814201,1,1
300,0.297659,23162,0.846818,0.77132,0.803836,1,1
300,0.298774,23228,0.970964,0.717778,0.853728,1,1
300,0.299889,23304,0.868111,0.712765,0.713851,1,1
300,0.301003,23377,0.939486,0.691865,0.796243,1,1
300,0.302118,23450,0.927813,0.795114,0.815052,1,1
300,0.303233,23523,0.956781,0.792142,0.778833,1,1
300,0.304348,23589,0.884402,0.781289,0.714912,1,1
300,0.305463,23664,0.855366,0.774075,0.68161,1,1
300,0.306577,23743,0.980806,0.805393,0.822381,1,1
300,0.307692,23812,0.881611,0.780597,0.858427,1,1
300,0.308807,23883,0.939875,0.790414,0.817187,1,1
300,0.309922,23957,0.957755,0.755171,0.826007,1,1
300,0.311037,24032,0.882956,0.760905,0.774779,1,1
300,0.312152,24100,0.940671,0.810274,0.775501,1,1
300,0.313266,24178,0.979547,0.720254,0.824106,1,1
300,0.314381,24249,0.923612,0.822109,0.870844,1,1
300,0.315496,24330,0.969813,0.813711,0.823089,1,1
300,0.316611,24403,0.992215,0.84642,0.689471,1,1
300,0.317726,24475,0.896326,0.72146,0.805125,1,1
300,0.318841,24550,0.949488,0.821489,0.778194,1,1
300,0.319955,24619,0.960732,0.803414,0.845646,1,1
300,0.32107,24694,0.992884,0.83066,0.83403,1,1
300,0.322185,24765,0.965283,0.813778,0.882499,1,1
300,0.3233,24838,0.998323,0.714852,0.785956,1,1
300,0.324415,24911,1.01719,0.784919,0.812876,1,1
300,0.32553,24984,1.010725,0.802812,0.877282,1,1
300,0.326644,25056,1.031071,0.823975,0.860267,1,1
300,0.327759,25129,0.921352,0.833458,0.859314,1,1
300,0.328874,25200,1.025282,0.773808,0.872745,1,1
300,0.329989,25271,1.007632,0.820269,0.785207,1,1
300,0.331104,25345,1.018801,0.742081,0.863907,1,1
300,0.332219,25420,1.031825,0.843355,0.866916,1,1
300,0.333333,25498,0.956927,0.835883,0.895976,1,1
300,0.334448,25574,0.987007,0.801067,0.86718,1,1
300,0.335563,25644,1.042411,0.813122,0.796512,1,1
300,0.336678,25710,1.040212,0.862662,0.892434,1,1
300,0.337793,25778,1.046333,0.879023,0.890517,1,1
300,0.338907,25852,1.018253,0.848286,0.784143,1,1
300,0.340022,25935,1.023501,0.835271,0.885128,1,1
300,0.341137,26001,1.04522,0.820287,0.882446,1,1
300,0.342252,26072,0.962126,0.842367,0.860992,1,1
300,0.343367,26146,1.041368,0.811685,0.888755,1,1
300,0.344482,26224,1.012892,0.852355,0.887134,1,1
300,0.345596,26288,0.92166,0.847921,0.872126,1,1
300,0.346711,26359,1.061005,0.891913,0.906919,1,1
300,0.347826,26429,1.076879,0.879857,0.881552,1,1
300,0.348941,26495,1.029306,0.843298,0.83025,1,1
300,0.350056,26568,1.059837,0.875373,0.89945,1,1
300,0.351171,26639,1.005573,0.813212,0.898267,1,1
300,0.352285,26704,1.03503,0.86587,0.828685,1,1
300,0.3534,26774,1.050388,0.870531,0.908899,1,1
300,0.354515,26845,1.066561,0.811568,0.847872,1,1
300,0.35563,26922,1.072376,0.894182,0.791867,1,1
300,0.356745,26988,1.020916,0.882872,0.911782,1,1
300,0.35786,27051,1.070253,0.843712,0.886536,1,1
300,0.358974,27128,1.084712,0.882279,0.782867,1,1
300,0.360089,27198,1.111517,0.890922,0.93126,1,1
300,0.361204,27269,1.076443,0.790945,0.908708,1,1
300,0.362319,27343,1.10264,0.890358,0.911402,1,1
300,0.363434,27412,0.98464,0.901867,0.842139,1,1
300,0.364548,27471,1.084119,0.861732,0.927757,1,1
300,0.365663,27544,1.024241,0.837909,0.914776,1,1
300,0.366778,27616,1.0933,0.904093,0.818525,1,1
300,0.367893,27686,1.044672,0.916423,0.958852,1,1
300,0.369008,27753,1.114085,0.79941,0.872386,1,1
300,0.370123,27827,1.096467,0.920258,0.950472,1,1
300,0.371237,27893,1.090572,0.927105,0.852524,1,1
300,0.372352,27954,1.025055,0.887518,0.960648,1,1
300,0.373467,28024,1.111604,0.803836,0.924468,1,1
300,0.374582,28089,1.131364,0.916747,0.861633,1,1
300,0.375697,28154,1.03976,0.839157,0.852824,1,1
300,0.376812,28221,1.119976,0.864012,0.950721,1,1
300,0.377926,28292,1.126507,0.799241,0.950615,1,1
300,0.379041,28358,1.110103,0.931589,0.94706,1,1
300,0.380156,28415,1.023253,0.927326,0.834909,1,1
300,0.381271,28488,1.108198,0.791215,0.940456,1,1
300,0.382386,28553,1.131379,0.803923,0.93733,1,1
300,0.383501,28618,1.07474,0.930492,0.849948,1,1
300,0.384615,28686,1.057089,0.92695,0.844565,1,1
300,0.38573,28756,1.133556,0.784829,0.962362,1,1
300,0.386845,28828,1.135634,0.835911,0.928449,1,1
300,0.38796,28899,1.132459,0.963119,0.847866,1,1
300,0.389075,28970,1.087219,0.96104,0.857317,1,1
300,0.39019,29042,1.125202,0.83979,0.948804,1,1
300,0.391304,29110,1.097796,0.828442,0.976225,1,1
300,0.392419,29171,1.08673,0.957599,0.84052,1,1
300,0.393534,29243,1.007666,0.948667,0.904876,1,1
300,0.394649,29307,1.199236,0.944779,1.010747,1,1
300,0.395764,29368,1.157765,0.821844,0.977258,1,1
300,0.396878,29430,1.132028,0.923068,0.959177,1,1
300,0.397993,29504,1.138864,0.959782,0.864056,1,1
300,0.399108,29572,1.048201,0.949398,0.876248,1,1
300,0.400223,29634,1.174393,0.817145,1.020551,1,1
300,0.401338,29697,1.162698,0.845413,0.983866,1,1
300,0.402453,29775,1.185854,0.915724,0.991103,1,1
300,0.403567,29837,1.061565,0.965846,0.850094,1,1
300,0.404682,29909,1.053144,0.980857,0.926269,1,1
300,0.405797,29970,1.130146,0.923875,1.005757,1,1
300,0.406912,30030,1.191417,0.864731,1.006267,1,1
300,0.408027,30105,1.157601,0.860815,0.992144,1,1
300,0.409142,30170,1.1174,1.002088,0.953362,1,1
300,0.410256,30238,1.197001,0.990577,0.877266,1,1
300,0.411371,30305,1.040771,0.973887,0.925599,1,1
300,0.412486,30378,1.221824,0.868387,1.023141,1,1
300,0.413601,30444,1.18229,0.939702,1.018509,1,1
300,0.414716,30506,1.189881,0.859583,1.011717,1,1
300,0.415831,30573,1.207469,0.920962,1.039047,1,1
300,0.416945,30639,1.17201,0.977643,0.989952,1,1
300,0.41806,30705,1.048147,0.989919,0.936112,1,1
300,0.419175,30782,1.070407,0.973829,0.888679,1,1
300,0.42029,30846,1.197369,0.9244,1.010194,1,1
300,0.421405,30903,1.19525,0.936355,1.0448,1,1
300,0.42252,30963,1.205874,0.869273,1.041881,1,1
300,0.423634,31031,1.206702,0.957547,0.977435,1,1
300,0.424749,31096,1.232673,0.957131,1.03018,1,1
300,0.425864,31157,1.186236,0.993447,0.973516,1,1
300,0.426979,31230,1.176055,0.995748,0.966995,1,1
300,0.428094,31301,1.17574,1.011624,0.907114,1,1
300,0.429208,31372,1.121811,1.015041,0.898684,1,1
300,0.430323,31435,1.074378,1.007785,0.991962,1,1
300,0.431438,31494,1.225114,0.930769,1.057794,1,1
300,0.432553,31564,1.218261,0.89533,1.027606,1,1
300,0.433668,31637,1.225073,0.874813,1.010166,1,1
300,0.434783,31697,1.214434,0.939751,1.040222,1,1
300,0.435897,31759,1.231914,1.001778,1.04127,1,1
300,0.437012,31825,1.228507,0.957295,1.01427,1,1
300,0.438127,31890,1.238521,0.957455,1.033293,1,1
300,0.439242,31955,1.232057,0.97061,1.01485,1,1
300,0.440357,32017,1.229321,0.981132,1.016527,1,1
300,0.441472,32079,1.242162,0.984776,1.059187,1,1
300,0.442586,32143,1.239342,0.996272,1.049105,1,1
300,0.443701,32204,1.239484,0.978681,1.058301,1,1
300,0.444816,32266,1.243382,0.958207,1.04928,1,1
300,0.445931,32338,1.246449,0.962494,1.063657,1,1
300,0.447046,32405,1.235774,0.992973,1.072572,1,1
300,0.448161,32463,1.237122,0.943215,1.077747,1,1
300,0.449275,32526,1.245337,0.944013,1.069689,1,1
300,0.45039,32598,1.246553,0.948329,1.061341,1,1
300,0.451505,32657,1.249105,0.93317,1.065606,1,1
300,0.45262,32715,1.264321,0.941371,1.082215,1,1
300,0.453735,32782,1.245844,0.95502,1.078206,1,1
300,0.454849,32850,1.2583,0.936446,1.078679,1,1
300,0.455964,32915,1.271136,0.946093,1.094553,1,1
300,0.457079,32981,1.297712,0.912255,1.105004,1,1
300,0.458194,33046,1.260955,0.916527,1.090792,1,1
300,0.459309,33110,1.211208,0.944692,1.082683,1,1
300,0.460424,33174,1.260127,0.94747,1.089353,1,1
300,0.461538,33235,1.263567,0.927572,1.082283,1,1
300,0.462653,33295,1.266467,0.9137,1.099833,1,1
300,0.463768,33356,1.270312,0.922111,1.099141,1,1
300,0.464883,33410,1.249412,0.976177,1.09866,1,1
300,0.465998,33463,1.280421,0.945291,1.122544,1,1
300,0.467113,33526,1.275277,0.906427,1.086078,1,1
300,0.468227,33583,1.279001,0.919316,1.102249,1,1
300,0.469342,33651,1.272567,0.897543,1.138809,1,1
300,0.470457,33716,1.288212,0.913567,1.117016,1,1
300,0.471572,33781,1.271082,0.89793,1.115499,1,1
300,0.472687,33845,1.309778,0.987006,1.136417,1,1
300,0.473802,33905,1.286273,1.05648,1.1133,1,1
300,0.474916,33962,1.294552,1.071595,1.116562,1,1
300,0.476031,34033,1.300773,1.086933,1.163487,1,1
300,0.477146,34093,1.312393,1.112281,1.038994,1,1
300,0.478261,34155,1.322619,1.063047,1.108831,1,1
300,0.479376,34213,1.261416,1.083796,1.027688,1,1
300,0.480491,34282,1.270031,1.086982,1.006445,1,1
300,0.481605,34352,1.252819,1.081482,1.01541,1,1
300,0.48272,34418,1.186046,1.10535,1.117282,1,1
300,0.483835,34478,1.278877,1.102807,1.108042,1,1
300,0.48495,34545,1.332395,1.053577,1.12463,1,1
300,0.486065,34603,1.348047,0.953579,1.139296,1,1
300,0.487179,34668,1.316145,0.962336,1.152923,1,1
300,0.488294,34730,1.327031,1.102322,1.095967,1,1
300,0.489409,34792,1.320539,1.020091,1.154414,1,1
300,0.490524,34853,1.321423,1.110677,1.066381,1,1
300,0.491639,34908,1.281474,1.084316,1.116146,1,1
300,0.492754,34969,1.17684,1.08126,0.991948,1,1
300,0.493868,35024,1.299934,1.116619,1.089208,1,1
300,0.494983,35084,1.350205,1.13438,1.164699,1,1
300,0.496098,35141,1.361671,0.95671,1.120582,1,1
300,0.497213,35201,1.339133,0.989647,1.126652,1,1
300,0.498328,35257,1.304291,1.078292,1.18385,1,1
300,0.499443,35312,1.355957,1.073281,1.13279,1,1
300,0.500557,35373,1.365735,1.121966,1.051088,1,1
300,0.501672,35434,1.219518,1.128612,1.004684,1,1
300,0.502787,35499,1.202087,1.161926,1.073105,1,1
300,0.503902,35553,1.288519,1.145206,1.157766,1,1
300,0.505017,35604,1.372994,1.027266,1.186409,1,1
300,0.506132,35664,1.36646,0.958553,1.178814,1,1
300,0.507246,35725,1.381531,1.156555,1.142282,1,1
300,0.508361,35800,1.391012,1.135029,1.053962,1,1
300,0.509476,35869,1.292617,1.093369,1.069228,1,1
300,0.510591,35921,1.237055,1.123024,1.055041,1,1
300,0.511706,35989,1.303413,1.1319,1.143407,1,1
300,0.512821,36051,1.392019,1.11299,1.19811,1,1
300,0.513935,36119,1.374326,0.979878,1.172074,1,1
300,0.51505,36176,1.391328,1.094084,1.136018,1,1
300,0.516165,36231,1.410177,1.127859,1.068642,1,1
300,0.51728,36298,1.283899,1.151473,1.142528,1,1
300,0.518395,36361,1.389101,1.183864,1.18577,1,1
300,0.519509,36414,1.389765,0.989196,1.218868,1,1
300,0.520624,36473,1.364466,1.115833,1.209752,1,1
300,0.521739,36536,1.343462,1.175207,1.048538,1,1
300,0.522854,36588,1.256639,1.164641,1.200099,1,1
300,0.523969,36646,1.387866,1.108084,1.228258,1,1
300,0.525084,36704,1.441278,1.097235,1.20432,1,1
300,0.526198,36759,1.42568,1.198814,1.052577,1,1
300,0.527313,36813,1.422268,1.132585,1.199731,1,1
300,0.528428,36871,1.431641,1.037034,1.222424,1,1
300,0.529543,36935,1.425401,1.200593,1.231364,1,1
300,0.530658,36998,1.38947,1.215787,1.114653,1,1
300,0.531773,37059,1.442552,1.194398,1.217996,1,1
300,0.532887,37114,1.439875,1.129934,1.261958,1,1
300,0.534002,37177,1.441543,1.202982,1.085047,1,1
300,0.535117,37228,1.313862,1.180897,1.204245,1,1
300,0.536232,37286,1.46168,1.041135,1.247303,1,1
300,0.537347,37345,1.432398,1.154205,1.253543,1,1
300,0.538462,37405,1.362663,1.216565,1.126404,1,1
300,0.539576,37473,1.456228,1.231353,1.2451,1,1
300,0.540691,37526,1.462184,1.217742,1.232865,1,1
300,0.541806,37589,1.393385,1.217294,1.221166,1,1
300,0.542921,37640,1.492325,1.244019,1.268027,1,1
300,0.544036,37702,1.484103,1.210113,1.25185,1,1
300,0.545151,37757,1.337987,1.262223,1.232799,1,1
300,0.546265,37818,1.486344,1.139794,1.237487,1,1
300,0.54738,37876,1.440839,1.212867,1.203233,1,1
300,0.548495,37929,1.36312,1.243978,1.280436,1,1
300,0.54961,37989,1.431906,1.153176,1.279489,1,1
300,0.550725,38039,1.518407,1.257091,1.10379,1,1
300,0.551839,38098,1.330317,1.201273,1.23063,1,1
300,0.552954,38152,1.519525,1.049835,1.316929,1,1
300,0.554069,38209,1.513381,1.245113,1.119774,1,1
300,0.555184,38265,1.412441,1.26529,1.311654,1,1
300,0.556299,38316,1.509641,1.227762,1.282795,1,1
300,0.557414,38367,1.337353,1.26343,1.305276,1,1
300,0.558528,38433,1.529238,1.098682,1.289192,1,1
300,0.559643,38490,1.511687,1.195331,1.126079,1,1
300,0.560758,38545,1.339851,1.169999,1.29922,1,1
300,0.561873,38610,1.508761,1.101085,1.264296,1,1
300,0.562988,38661,1.512317,1.255925,1.146843,1,1
300,0.564103,38723,1.362859,1.201154,1.27294,1,1
300,0.565217,38778,1.522391,1.221795,1.323036,1,1
300,0.566332,38834,1.520898,1.245929,1.114062,1,1
300,0.567447,38893,1.549553,1.245243,1.320189,1,1
300,0.568562,38948,1.529553,1.307414,1.144412,1,1
300,0.569677,39004,1.404755,1.31043,1.317623,1,1
300,0.570792,39056,1.513854,1.259987,1.278927,1,1
300,0.571906,39110,1.404738,1.284633,1.330767,1,1
300,0.573021,39166,1.574245,1.14244,1.221851,1,1
300,0.574136,39226,1.586363,1.285663,1.183842,1,1
300,0.575251,39290,1.575246,1.208981,1.307791,1,1
300,0.576366,39349,1.558038,1.290272,1.188906,1,1
300,0.57748,39397,1.514186,1.303475,1.333424,1,1
300,0.578595,39453,1.656658,1.397538,1.338496,1,1
300,0.57971,39505,1.555869,1.132561,1.335957,1,1
300,0.580825,39566,1.629535,1.285504,1.253454,1,1
300,0.58194,39623,1.497683,1.195116,1.279354,1,1
300,0.583055,39680,1.631967,1.301665,1.236959,1,1
300,0.584169,39734,1.592663,1.163261,1.362906,1,1
300,0.585284,39789,1.539211,1.308808,1.155791,1,1
300,0.586399,39848,1.582737,1.235489,1.341713,1,1
300,0.587514,39903,1.588759,1.319497,1.1913,1,1
300,0.588629,39953,1.608216,1.22547,1.348646,1,1
300,0.589744,40008,1.627281,1.327481,1.223534,1,1
300,0.590858,40066,1.606473,1.206689,1.367314,1,1
300,0.591973,40116,1.605781,1.303811,1.266354,1,1
300,0.593088,40176,1.608009,1.171078,1.357802,1,1
300,0.594203,40241,1.600241,1.289009,1.278752,1,1
300,0.595318,40282,1.640884,1.244141,1.42552,1,1
300,0.596433,40343,1.559127,1.231042,1.377848,1,1
300,0.597547,40398,1.611035,1.239271,1.425796,1,1
300,0.598662,40454,1.488339,1.322797,1.383658,1,1
300,0.599777,40500,1.587078,1.324633,1.279645,1,1
300,0.600892,40555,1.542632,1.376903,1.381235,1,1
300,0.602007,40615,1.621504,1.346127,1.209958,1,1
300,0.603122,40683,1.581728,1.267622,1.420858,1,1
300,0.604236,40735,1.603488,1.348893,1.406692,1,1
300,0.605351,40786,1.645277,1.313335,1.396679,1,1
300,0.606466,40838,1.517381,1.341704,1.379308,1,1
300,0.607581,40900,1.654379,1.324436,1.291224,1,1
300,0.608696,40951,1.488616,1.351614,1.40363,1,1
300,0.60981,41002,1.638927,1.339142,1.2274,1,1
300,0.610925,41052,1.542049,1.381051,1.411354,1,1
300,0.61204,41104,1.670481,1.366996,1.277564,1,1
300,0.613155,41154,1.695588,1.246661,1.416508,1,1
300,0.61427,41211,1.578015,1.34007,1.225294,1,1
300,0.615385,41265,1.597284,1.222188,1.38485,1,1
300,0.616499,41319,1.572735,1.37133,1.225552,1,1
300,0.617614,41377,1.685235,1.244403,1.432716,1,1
300,0.618729,41427,1.612422,1.404084,1.397856,1,1
300,0.619844,41479,1.700878,1.358026,1.292019,1,1
300,0.620959,41536,1.674444,1.316108,1.459442,1,1
300,0.622074,41584,1.535951,1.380433,1.228912,1,1
300,0.623188,41636,1.693596,1.196532,1.377802,1,1
300,0.624303,41692,1.603418,1.333376,1.277948,1,1
300,0.625418,41740,1.697601,1.366154,1.248867,1,1
300,0.626533,41800,1.59321,1.422266,1.393858,1,1
300,0.627648,41856,1.709467,1.364936,1.292283,1,1
300,0.628763,41911,1.687164,1.268074,1.400167,1,1
300,0.629877,41969,1.59124,1.422554,1.420701,1,1
300,0.630992,42020,1.728438,1.424488,1.376652,1,1
300,0.632107,42066,1.716633,1.216765,1.442994,1,1
300,0.633222,42127,1.525908,1.393145,1.450367,1,1
300,0.634337,42188,1.719355,1.404486,1.305109,1,1
300,0.635452,42235,1.753268,1.281923,1.413396,1,1
300,0.636566,42292,1.556184,1.356565,1.461117,1,1
300,0.637681,42342,1.728837,1.434023,1.275911,1,1
300,0.638796,42399,1.697939,1.229802,1.461921,1,1
300,0.639911,42447,1.580044,1.421343,1.418946,1,1
300,0.641026,42496,1.711642,1.372334,1.297644,1,1
300,0.64214,42554,1.57222,1.300378,1.47055,1,1
300,0.643255,42601,1.718401,1.421216,1.397158,1,1
300,0.64437,42649,1.759905,1.342498,1.29888,1,1
300,0.645485,42716,1.650627,1.252546,1.472775,1,1
300,0.6466,42767,1.637352,1.388293,1.290552,1,1
300,0.647715,42818,1.735493,1.227027,1.394224,1,1
300,0.648829,42863,1.53326,1.432216,1.468257,1,1
300,0.649944,42918,1.718805,1.432945,1.392815,1,1
300,0.651059,42979,1.777523,1.303095,1.368593,1,1
300,0.652174,43032,1.559043,1.409146,1.505122,1,1
300,0.653289,43088,1.751201,1.462687,1.448746,1,1
300,0.654404,43146,1.739723,1.424396,1.293954,1,1
300,0.655518,43200,1.801938,1.285887,1.502516,1,1
300,0.656633,43244,1.526203,1.44498,1.478953,1,1
300,0.657748,43296,1.693252,1.444964,1.330836,1,1
300,0.658863,43347,1.789227,1.224838,1.421544,1,1
300,0.659978,43399,1.569676,1.3875,1.510101,1,1
300,0.661093,43456,1.733773,1.452081,1.312925,1,1
300,0.662207,43505,1.758651,1.33204,1.316009,1,1
300,0.663322,43557,1.599642,1.385481,1.488939,1,1
300,0.664437,43613,1.708727,1.461839,1.508173,1,1
300,0.665552,43663,1.768793,1.43284,1.343893,1,1
300,0.666667,43712,1.810687,1.259945,1.395253,1,1
300,0.667781,43765,1.641861,1.430808,1.446857,1,1
300,0.668896,43819,1.685544,1.451787,1.363496,1,1
300,0.670011,43871,1.764115,1.428215,1.296635,1,1
300,0.671126,43925,1.779724,1.305782,1.526715,1,1
300,0.672241,43977,1.608997,1.497552,1.535575,1,1
300,0.673356,44030,1.682707,1.462142,1.418057,1,1
300,0.67447,44078,1.738741,1.495186,1.358394,1,1
300,0.675585,44136,1.828003,1.383214,1.45851,1,1
300,0.6767,44176,1.612965,1.507031,1.521286,1,1
300,0.677815,44225,1.63298,1.471229,1.393434,1,1
300,0.67893,44273,1.762354,1.44991,1.329423,1,1
300,0.680045,44331,1.765464,1.320874,1.484486,1,1
300,0.681159,44381,1.691261,1.439378,1.543114,1,1
300,0.682274,44434,1.658085,1.452463,1.367754,1,1
300,0.683389,44488,1.787536,1.471855,1.329648,1,1
300,0.684504,44544,1.750328,1.424651,1.327851,1,1
300,0.685619,44595,1.617492,1.403706,1.475992,1,1
300,0.686734,44640,1.690867,1.455998,1.455957,1,1
300,0.687848,44693,1.768605,1.445644,1.33501,1,1
300,0.688963,44737,1.789923,1.339064,1.34274,1,1
300,0.690078,44785,1.641113,1.397781,1.411306,1,1
300,0.691193,44828,1.661399,1.474869,1.336942,1,1
300,0.692308,44871,1.780288,1.399488,1.303531,1,1
300,0.693423,44922,1.753654,1.331106,1.432703,1,1
300,0.694537,44980,1.721095,1.446759,1.479253,1,1
300,0.695652,45035,1.813831,1.449102,1.292702,1,1
300,0.696767,45091,1.802493,1.397228,1.313874,1,1
300,0.697882,45137,1.722605,1.368262,1.436159,1,1
300,0.698997,45181,1.638215,1.486058,1.453784,1,1
300,0.700111,45233,1.714889,1.432878,1.388549,1,1
300,0.701226,45280,1.806233,1.264494,1.385031,1,1
300,0.702341,45330,1.636861,1.372089,1.463579,1,1
300,0.703456,45374,1.752822,1.501665,1.388119,1,1
300,0.704571,45420,1.800735,1.495198,1.390448,1,1
300,0.705686,45476,1.825134,1.499937,1.299732,1,1
300,0.7068,45535,1.815941,1.531567,1.405626,1,1
300,0.707915,45580,1.9116,1.455205,1.483822,1,1
300,0.70903,45631,1.860886,1.416546,1.47849,1,1
300,0.710145,45680,1.674118,1.51419,1.510085,1,1
300,0.71126,45729,1.671639,1.477394,1.475147,1,1
300,0.712375,45780,1.73941,1.46608,1.493944,1,1
300,0.713489,45825,1.714978,1.199454,1.185873,1,1
300,0.714604,45879,1.398139,1.20433,1.205404,1,1
300,0.715719,45931,1.474911,1.172348,1.221791,1,1
300,0.716834,45976,1.458153,1.204773,1.155546,1,1
300,0.717949,46020,1.379791,1.247605,1.225194,1,1
300,0.719064,46071,1.513195,1.129752,1.246534,1,1
300,0.720178,46122,1.461977,1.198766,1.176122,1,1
300,0.721293,46181,1.476505,1.202744,1.238558,1,1
300,0.722408,46226,1.48166,1.224222,1.212712,1,1
300,0.723523,46274,1.503053,1.270738,1.256777,1,1
300,0.724638,46329,1.496469,1.152938,1.227283,1,1
300,0.725753,46382,1.450812,1.224167,1.206501,1,1
300,0.726867,46432,1.435868,1.255036,1.228123,1,1
300,0.727982,46480,1.475273,1.211413,1.219805,1,1
300,0.729097,46529,1.522568,1.254681,1.203979,1,1
300,0.730212,46576,1.553168,1.195461,1.284059,1,1
300,0.731327,46623,1.509468,1.235712,1.161707,1,1
300,0.732441,46676,1.470792,1.207615,1.234854,1,1
300,0.733556,46728,1.479697,1.232626,1.209052,1,1
300,0.734671,46776,1.440374,1.266722,1.274765,1,1
300,0.735786,46823,1.511725,1.165538,1.222518,1,1
300,0.736901,46876,1.474086,1.235366,1.194848,1,1
300,0.738016,46929,1.553277,1.271368,1.272928,1,1
300,0.73913,46981,1.459281,1.239624,1.209301,1,1
300,0.740245,47026,1.400194,1.23509,1.237788,1,1
300,0.74136,47077,1.507904,1.136522,1.238767,1,1
300,0.742475,47118,1.485856,1.233295,1.203694,1,1
300,0.74359,47163,1.522447,1.174257,1.242719,1,1
300,0.744705,47203,1.483594,1.233011,1.18419,1,1
300,0.745819,47252,1.421436,1.245029,1.239197,1,1
300,0.746934,47299,1.529497,1.164546,1.250008,1,1
300,0.748049,47341,1.461021,1.257188,1.14126,1,1
300,0.749164,47401,1.519713,1.193753,1.244227,1,1
300,0.750279,47441,1.555797,1.261876,1.195409,1,1
300,0.751394,47484,1.451526,1.238451,1.25702,1,1
300,0.752508,47540,1.562441,1.279433,1.299028,1,1
300,0.753623,47587,1.480792,1.252997,1.225478,1,1
300,0.754738,47643,1.527092,1.189495,1.25318,1,1
300,0.755853,47689,1.479202,1.241569,1.188698,1,1
300,0.756968,47733,1.433625,1.264812,1.279596,1,1
300,0.758082,47783,1.524034,1.253716,1.242874,1,1
300,0.759197,47836,1.490811,1.300835,1.308487,1,1
300,0.760312,47880,1.55026,1.174349,1.206233,1,1
300,0.761427,47928,1.574618,1.292683,1.212146,1,1
300,0.762542,47970,1.581103,1.173823,1.298076,1,1
300,0.763657,48016,1.495035,1.27456,1.166479,1,1
300,0.764771,48065,1.570401,1.2542,1.243523,1,1
300,0.765886,48109,1.539556,1.174219,1.253059,1,1
300,0.767001,48155,1.594821,1.311554,1.303331,1,1
300,0.768116,48187,1.572752,1.154713,1.276412,1,1
300,0.769231,48225,1.481699,1.260796,1.200961,1,1
300,0.770346,48266,1.502714,1.238222,1.224394,1,1
300,0.77146,48301,1.562084,1.250327,1.218854,1,1
300,0.772575,48354,1.441117,1.231554,1.240495,1,1
300,0.77369,48398,1.564859,1.207222,1.267442,1,1
300,0.774805,48440,1.531354,1.27135,1.181941,1,1
300,0.77592,48490,1.556244,1.259644,1.316717,1,1
300,0.777035,48529,1.484902,1.267036,1.204057,1,1
300,0.778149,48575,1.458054,1.213061,1.240526,1,1
300,0.779264,48614,1.553604,1.339446,1.237308,1,1
300,0.780379,48657,1.525785,1.283973,1.208909,1,1
300,0.781494,48700,1.53659,1.189325,1.260126,1,1
300,0.782609,48736,1.53819,1.283311,1.355404,1,1
300,0.783724,48783,1.602422,1.201444,1.231876,1,1
300,0.784838,48833,1.543046,1.319987,1.229744,1,1
300,0.785953,48873,1.583423,1.247623,1.30682,1,1
300,0.787068,48915,1.597102,1.315692,1.180694,1,1
300,0.788183,48961,1.589047,1.238667,1.258895,1,1
300,0.789298,49005,1.612659,1.324632,1.163376,1,1
300,0.790412,49055,1.578412,1.198209,1.221517,1,1
300,0.791527,49101,1.588021,1.285235,1.184831,1,1
300,0.792642,49138,1.588397,1.293732,1.263898,1,1
300,0.793757,49188,1.548538,1.297082,1.167089,1,1
300,0.794872,49219,1.605314,1.291832,1.306283,1,1
300,0.795987,49264,1.549355,1.258636,1.226458,1,1
300,0.797101,49314,1.598947,1.20677,1.300245,1,1
300,0.798216,49359,1.593559,1.333843,1.246565,1,1
300,0.799331,49404,1.619931,1.16919,1.262517,1,1
300,0.800446,49450,1.572808,1.312722,1.300283,1,1
300,0.801561,49497,1.625731,1.298582,1.376265,1,1
300,0.802676,49545,1.441032,1.325357,1.334081,1,1
300,0.80379,49586,1.58499,1.328547,1.296487,1,1
300,0.804905,49628,1.532283,1.31725,1.316681,1,1
300,0.80602,49676,1.645093,1.358449,1.23594,1,1
300,0.807135,49727,1.475304,1.299798,1.244539,1,1
300,0.80825,49771,1.538577,1.267603,1.28909,1,1
300,0.809365,49814,1.536261,1.3383,1.332137,1,1
300,0.810479,49861,1.562272,1.29786,1.209359,1,1
300,0.811594,49909,1.604183,1.200815,1.277881,1,1
300,0.812709,49957,1.595715,1.339843,1.200204,1,1
300,0.813824,50013,1.602285,1.282336,1.343474,1,1
300,0.814939,50059,1.531042,1.281569,1.242088,1,1
300,0.816054,50105,1.618448,1.20592,1.35711,1,1
300,0.817168,50140,1.533081,1.319737,1.312093,1,1
300,0.818283,50186,1.584137,1.252471,1.339476,1,1
300,0.819398,50234,1.57316,1.292873,1.349906,1,1
300,0.820513,50270,1.63876,1.317253,1.329646,1,1
300,0.821628,50318,1.516502,1.301244,1.301195,1,1
300,0.822742,50357,1.630971,1.334495,1.291759,1,1
300,0.823857,50397,1.599109,1.352344,1.311993,1,1
300,0.824972,50445,1.566381,1.287623,1.299103,1,1
300,0.826087,50498,1.627661,1.209944,1.284674,1,1
300,0.827202,50534,1.609268,1.350077,1.197993,1,1
300,0.828317,50580,1.554531,1.184909,1.35898,1,1
300,0.829431,50627,1.539632,1.318403,1.257709,1,1
300,0.830546,50676,1.612939,1.18085,1.351629,1,1
300,0.831661,50726,1.544106,1.334552,1.255426,1,1
300,0.832776,50772,1.641975,1.206699,1.349184,1,1
300,0.833891,50821,1.560869,1.358861,1.344623,1,1
300,0.835006,50861,1.636044,1.275132,1.355186,1,1
300,0.83612,50906,1.557476,1.354809,1.363067,1,1
300,0.837235,50950,1.621394,1.287505,1.337368,1,1
300,0.83835,50988,1.519977,1.25964,1.378379,1,1
300,0.839465,51030,1.605635,1.324699,1.278196,1,1
300,0.84058,51083,1.586148,1.278798,1.395013,1,1
300,0.841695,51129,1.579166,1.324544,1.307197,1,1
300,0.842809,51174,1.634615,1.213974,1.389065,1,1
300,0.843924,51211,1.533747,1.36094,1.317369,1,1
300,0.845039,51251,1.652863,1.305922,1.384663,1,1
300,0.846154,51289,1.602889,1.334751,1.341476,1,1
300,0.847269,51327,1.668165,1.31056,1.316471,1,1
300,0.848384,51381,1.567778,1.3425,1.437634,1,1
300,0.849498,51412,1.644193,1.386418,1.296047,1,1
300,0.850613,51452,1.682647,1.230923,1.336899,1,1
300,0.851728,51497,1.52622,1.331753,1.271397,1,1
300,0.852843,51534,1.664171,1.265647,1.336285,1,1
300,0.853958,51578,1.521138,1.357031,1.266801,1,1
300,0.855072,51619,1.691801,1.281953,1.309256,1,1
300,0.856187,51673,1.522368,1.366746,1.370886,1,1
300,0.857302,51710,1.679795,1.351601,1.27229,1,1
300,0.858417,51750,1.623685,1.245115,1.367811,1,1
300,0.859532,51792,1.619489,1.376026,1.259127,1,1
300,0.860647,51838,1.712885,1.275867,1.356991,1,1
300,0.861761,51874,1.537678,1.371497,1.352748,1,1
300,0.862876,51912,1.664358,1.295222,1.362068,1,1
300,0.863991,51958,1.590847,1.301632,1.344729,1,1
300,0.865106,51998,1.64456,1.318193,1.258096,1,1
300,0.866221,52042,1.642901,1.296499,1.363888,1,1
300,0.867336,52086,1.580832,1.372606,1.352555,1,1
300,0.86845,52128,1.617017,1.358476,1.315397,1,1
300,0.869565,52169,1.529708,1.339962,1.341601,1,1
300,0.87068,52209,1.59314,1.348748,1.242759,1,1
300,0.871795,52247,1.626753,1.305433,1.3716,1,1
300,0.87291,52281,1.61285,1.35497,1.305999,1,1
300,0.874025,52320,1.615271,1.265676,1.343864,1,1
300,0.875139,52356,1.558822,1.348259,1.346137,1,1
300,0.876254,52400,1.638883,1.32425,1.296342,1,1
300,0.877369,52446,1.664404,1.258662,1.380229,1,1
300,0.878484,52490,1.606624,1.38492,1.406607,1,1
300,0.879599,52532,1.666285,1.330086,1.400681,1,1
300,0.880713,52570,1.561965,1.354424,1.392454,1,1
300,0.881828,52618,1.626375,1.346554,1.313024,1,1
300,0.882943,52656,1.638224,1.298711,1.394584,1,1
300,0.884058,52691,1.535023,1.331326,1.410842,1,1
300,0.885173,52725,1.660247,1.376295,1.396703,1,1
300,0.886288,52764,1.64066,1.318829,1.429463,1,1
300,0.887402,52807,1.578392,1.347397,1.386512,1,1
300,0.888517,52848,1.662205,1.33562,1.339409,1,1
300,0.889632,52893,1.548862,1.344095,1.404869,1,1
300,0.890747,52933,1.610928,1.376439,1.340206,1,1
300,0.891862,52972,1.680864,1.289809,1.407534,1,1
300,0.892977,53015,1.553832,1.312382,1.422899,1,1
300,0.894091,53059,1.643516,1.399906,1.281241,1,1
300,0.895206,53109,1.58745,1.335641,1.440979,1,1
300,0.896321,53150,1.627904,1.387315,1.404441,1,1
300,0.897436,53198,1.652586,1.383081,1.34332,1,1
300,0.898551,53236,1.649252,1.338069,1.426407,1,1
300,0.899666,53283,1.597429,1.386283,1.429602,1,1
300,0.90078,53320,1.671386,1.403907,1.374335,1,1
300,0.901895,53355,1.672081,1.300399,1.417641,1,1
300,0.90301,53401,1.55604,1.371855,1.438878,1,1
300,0.904125,53446,1.658993,1.390761,1.360954,1,1
300,0.90524,53487,1.665019,1.304976,1.405496,1,1
300,0.906355,53528,1.578832,1.372377,1.460741,1,1
300,0.907469,53565,1.673777,1.373896,1.440331,1,1
300,0.908584,53592,1.707962,1.405253,1.368399,1,1
300,0.909699,53632,1.710444,1.330098,1.450897,1,1
300,0.910814,53670,1.553993,1.354418,1.441412,1,1
300,0.911929,53709,1.692575,1.407833,1.384449,1,1
300,0.913043,53744,1.673337,1.319895,1.41097,1,1
300,0.914158,53791,1.682172,1.385751,1.45028,1,1
300,0.915273,53842,1.685704,1.411264,1.474539,1,1
300,0.916388,53873,1.665112,1.393585,1.389068,1,1
300,0.917503,53918,1.699705,1.311567,1.429321,1,1
300,0.918618,53969,1.600216,1.367894,1.452507,1,1
300,0.919732,54003,1.666228,1.409793,1.395298,1,1
300,0.920847,54045,1.684782,1.309442,1.432553,1,1
300,0.921962,54086,1.571992,1.381442,1.454377,1,1
300,0.923077,54122,1.621375,1.389704,1.380582,1,1
300,0.924192,54168,1.69177,1.318844,1.419802,1,1
300,0.925307,54210,1.569416,1.374901,1.47812,1,1
300,0.926421,54241,1.664799,1.390348,1.445936,1,1
300,0.927536,54291,1.688501,1.407956,1.303973,1,1
300,0.928651,54331,1.680703,1.318915,1.411604,1,1
300,0.929766,54370,1.593162,1.392316,1.42134,1,1
300,0.930881,54412,1.690065,1.425168,1.303528,1,1
300,0.931996,54445,1.711781,1.343284,1.409226,1,1
300,0.93311,54498,1.644291,1.417204,1.436152,1,1
300,0.934225,54539,1.663467,1.419886,1.444515,1,1
300,0.93534,54575,1.703183,1.39657,1.353094,1,1
300,0.936455,54609,1.68349,1.331124,1.383245,1,1
300,0.93757,54643,1.655233,1.404319,1.466103,1,1
300,0.938685,54689,1.69572,1.418036,1.382625,1,1
300,0.939799,54727,1.742057,1.442169,1.377024,1,1
300,0.940914,54766,1.718282,1.312576,1.389256,1,1
300,0.942029,54810,1.628633,1.407894,1.425119,1,1
300,0.943144,54849,1.687762,1.412281,1.350115,1,1
300,0.944259,54881,1.729965,1.356899,1.36868,1,1
300,0.945373,54928,1.66658,1.370968,1.437417,1,1
300,0.946488,54968,1.669391,1.393639,1.392131,1,1
300,0.947603,55011,1.692235,1.394492,1.369593,1,1
300,0.948718,55052,1.761061,1.348583,1.453568,1,1
300,0.949833,55085,1.620177,1.422207,1.407523,1,1
300,0.950948,55128,1.699819,1.424236,1.396828,1,1
300,0.952062,55158,1.743707,1.415647,1.336627,1,1
300,0.953177,55200,1.710684,1.341756,1.422681,1,1
300,0.954292,55241,1.655874,1.429322,1.502993,1,1
300,0.955407,55271,1.702514,1.451771,1.447259,1,1
300,0.956522,55304,1.711377,1.421739,1.331234,1,1
300,0.957637,55343,1.720872,1.363753,1.455151,1,1
300,0.958751,55380,1.676551,1.391787,1.429948,1,1
300,0.959866,55427,1.743326,1.393202,1.425788,1,1
300,0.960981,55465,1.717913,1.413865,1.331275,1,1
300,0.962096,55509,1.728684,1.349573,1.447224,1,1
300,0.963211,55543,1.687887,1.440359,1.483592,1,1
300,0.964326,55585,1.802521,1.60077,1.544157,1,1
300,0.96544,55621,1.658031,1.406937,1.368154,1,1
300,0.966555,55662,1.753939,1.332469,1.438515,1,1
300,0.96767,55697,1.777175,1.384711,1.547367,1,1
300,0.968785,55732,1.652488,1.462753,1.547075,1,1
300,0.9699,55763,1.735291,1.497257,1.526008,1,1
300,0.971014,55799,1.75285,1.457784,1.41402,1,1
300,0.972129,55837,1.822756,1.390994,1.424615,1,1
300,0.973244,55874,1.729067,1.337375,1.49044,1,1
300,0.974359,55913,1.698046,1.479338,1.455162,1,1
300,0.975474,55939,1.751302,1.481434,1.453541,1,1
300,0.976589,55975,1.822615,1.437655,1.386174,1,1
300,0.977703,56013,1.820021,1.424838,1.44676,1,1
300,0.978818,56047,1.763889,1.372472,1.428263,1,1
300,0.979933,56083,1.646575,1.476831,1.483789,1,1
300,0.981048,56123,1.754432,1.48714,1.393241,1,1
300,0.982163,56161,1.76136,1.469379,1.42899,1,1
300,0.983278,56197,1.797094,1.385355,1.433865,1,1
300,0.984392,56231,1.712849,1.368157,1.479136,1,1
300,0.985507,56264,1.699586,1.473733,1.447863,1,1
300,0.986622,56296,1.751396,1.466,1.441948,1,1
300,0.987737,56332,1.75287,1.460284,1.397456,1,1
300,0.988852,56367,1.770002,1.374206,1.350587,1,1
300,0.989967,56404,1.634087,1.421281,1.544474,1,1
300,0.991081,56435,1.665643,1.490904,1.5478,1,1
300,0.992196,56477,1.699018,1.503093,1.546152,1,1
300,0.993311,56521,1.753218,1.457303,1.436492,1,1
300,0.994426,56560,1.789964,1.48622,1.411252,1,1
300,0.995541,56600,1.820222,1.42832,1.348998,1,1
300,0.996656,56649,1.725886,1.367489,1.50701,1,1
300,0.99777,56681,1.689382,1.465654,1.555488,1,1
300,0.998885,56716,1.73635,1.510434,1.512213,1,1
300,1.0,56749,1.771734,1.49512,1.517666,1,1
400,0.0,0,0.003128,0.002748,0.003136,400,1
400,0.000627,100,0.009675,0.010254,0.009773,400,1
400,0.001253,200,0.016082,0.016288,0.016465,399,1
400,0.00188,300,0.02293,0.022843,0.023332,399,1
400,0.002506,400,0.031094,0.030865,0.031468,399,1
400,0.003133,501,0.034046,0.035442,0.03524,384,1
400,0.003759,601,0.040265,0.039702,0.039502,288,1
400,0.004386,701,0.046643,0.04584,0.043134,228,1
400,0.005013,802,0.052497,0.051064,0.051076,154,1
400,0.005639,902,0.057426,0.056789,0.052515,112,1
400,0.006266,1002,0.063531,0.056496,0.063312,90,1
400,0.006892,1102,0.06998,0.06522,0.063276,62,1
400,0.007519,1203,0.097926,0.067328,0.059884,47,1
400,0.008145,1302,0.078946,0.077692,0.076076,36,1
400,0.008772,1402,0.094961,0.082993,0.086494,29,1
400,0.009398,1501,0.102502,0.093579,0.08975,22,1
400,0.010025,1601,0.105515,0.097553,0.093066,18,1
400,0.010652,1700,0.112096,0.09777,0.101916,14,1
400,0.011278,1797,0.124533,0.105345,0.112418,11,1
400,0.011905,1897,0.123701,0.109492,0.108979,10,1
400,0.012531,1996,0.123186,0.109793,0.109946,7,1
400,0.013158,2097,0.133728,0.104395,0.120195,7,1
400,0.013784,2197,0.13027,0.111421,0.112505,6,1
400,0.014411,2297,0.136885,0.113983,0.118143,4,1
400,0.015038,2398,0.145552,0.124792,0.127808,3,1
400,0.015664,2496,0.144249,0.131618,0.132814,1,1
400,0.016291,2594,0.153586,0.138433,0.131378,1,1
400,0.016917,2693,0.157564,0.130446,0.129507,1,1
400,0.017544,2794,0.167284,0.142088,0.141566,1,1
400,0.01817,2893,0.168331,0.144615,0.147001,1,1
400,0.018797,2993,0.170511,0.14297,0.135422,1,1
400,0.019424,3092,0.169678,0.143742,0.149664,1,1
400,0.02005,3192,0.177358,0.160699,0.158644,1,1
400,0.020677,3291,0.183688,0.163255,0.158212,1,1
400,0.021303,3388,0.177894,0.149958,0.152178,1,1
400,0.02193,3486,0.197984,0.170051,0.169735,1,1
400,0.022556,3586,0.203556,0.177429,0.177669,1,1
400,0.023183,3685,0.204469,0.168466,0.167052,1,1
400,0.02381,3784,0.21311,0.180388,0.177392,1,1
400,0.024436,3882,0.206742,0.185739,0.185875,1,1
400,0.025063,3982,0.267144,0.189677,0.18441,1,1
400,0.025689,4081,0.237463,0.197011,0.195055,1,1
400,0.026316,4178,0.233014,0.201814,0.20077,1,1
400,0.026942,4277,0.233415,0.190111,0.187907,1,1
400,0.027569,4376,0.241019,0.207302,0.207836,1,1
400,0.028195,4476,0.242138,0.205218,0.20205,1,1
400,0.028822,4575,0.23345,0.192794,0.212294,1,1
400,0.029449,4666,0.246883,0.218628,0.217675,1,1
400,0.030075,4764,0.258979,0.212348,0.219228,1,1
400,0.030702,4860,0.258805,0.236877,0.223126,1,1
400,0.031328,4957,0.263667,0.227564,0.234233,1,1
400,0.031955,5056,0.260734,0.21633,0.23098,1,1
400,0.032581,5152,0.294575,0.221283,0.21878,1,1
400,0.033208,5248,0.282863,0.238998,0.211099,1,1
400,0.033835,5345,0.284313,0.240267,0.22985,1,1
400,0.034461,5443,0.290252,0.241566,0.229203,1,1
400,0.035088,5540,0.305261,0.251697,0.251183,1,1
400,0.035714,5633,0.279794,0.249937,0.250324,1,1
400,0.036341,5728,0.295353,0.251007,0.23281,1,1
400,0.036967,5820,0.305483,0.259888,0.264733,1,1
400,0.037594,5917,0.296054,0.233524,0.266013,1,1
400,0.038221,6012,0.322199,0.242026,0.240252,1,1
400,0.038847,6108,0.343847,0.284289,0.241288,1,1
400,0.039474,6206,0.341078,0.268196,0.281185,1,1
400,0.0401,6304,0.342593,0.256634,0.281366,1,1
400,0.040727,6398,0.340867,0.258088,0.279422,1,1
400,0.041353,6491,0.320199,0.221807,0.229788,1,1
400,0.04198,6586,0.341871,0.252857,0.273054,1,1
400,0.042607,6684,0.337997,0.300602,0.313055,1,1
400,0.043233,6779,0.378927,0.314333,0.316101,1,1
400,0.04386,6872,0.341865,0.267406,0.267174,1,1
400,0.044486,6968,0.360242,0.302934,0.290338,1,1
400,0.045113,7065,0.379147,0.26318,0.307998,1,1
400,0.045739,7156,0.373375,0.31248,0.247999,1,1
400,0.046366,7250,0.3749,0.316633,0.27942,1,1
400,0.046992,7347,0.378773,0.300665,0.277659,1,1
400,0.047619,7444,0.386235,0.325769,0.278764,1,1
400,0.048246,7541,0.364738,0.327135,0.30054,1,1
400,0.048872,7636,0.386518,0.321379,0.334131,1,1
400,0.049499,7732,0.398527,0.324339,0.297352,1,1
400,0.050125,7830,0.400361,0.26428,0.296891,1,1
400,0.050752,7927,0.401228,0.337384,0.345616,1,1
400,0.051378,8022,0.375228,0.351295,0.332563,1,1
400,0.052005,8118,0.409772,0.314868,0.326395,1,1
400,0.052632,8218,0.419019,0.299555,0.308341,1,1
400,0.053258,8316,0.408525,0.363851,0.317593,1,1
400,0.053885,8412,0.41607,0.354961,0.351884,1,1
400,0.054511,8510,0.443836,0.353051,0.354447,1,1
400,0.055138,8607,0.421629,0.326195,0.315041,1,1
400,0.055764,8699,0.434231,0.363928,0.330319,1,1
400,0.056391,8795,0.448924,0.298847,0.363598,1,1
400,0.057018,8886,0.447998,0.372361,0.364108,1,1
400,0.057644,8984,0.379942,0.370543,0.365787,1,1
400,0.058271,9082,0.439513,0.305312,0.375825,1,1
400,0.058897,9174,0.402549,0.306276,0.341728,1,1
400,0.059524,9269,0.456993,0.335694,0.373682,1,1
400,0.06015,9363,0.484706,0.353545,0.363104,1,1
400,0.060777,9456,0.441434,0.354795,0.373541,1,1
400,0.061404,9551,0.445842,0.326283,0.377699,1,1
400,0.06203,9649,0.485113,0.38964,0.349052,1,1
400,0.062657,9737,0.465544,0.412461,0.326037,1,1
400,0.063283,9832,0.435616,0.389968,0.375811,1,1
400,0.06391,9921,0.483144,0.348413,0.360162,1,1
400,0.064536,10011,0.512417,0.365912,0.409119,1,1
400,0.065163,10107,0.436133,0.409629,0.374757,1,1
400,0.065789,10195,0.492694,0.42217,0.356413,1,1
400,0.066416,10289,0.449638,0.361826,0.418207,1,1
400,0.067043,10387,0.523298,0.428343,0.439052,1,1
400,0.067669,10482,0.470779,0.398006,0.416122,1,1
400,0.068296,10579,0.515829,0.42506,0.442318,1,1
400,0.068922,10676,0.52384,0.381086,0.441363,1,1
400,0.069549,10768,0.526185,0.383029,0.427937,1,1
400,0.070175,10864,0.512763,0.396836,0.441576,1,1
400,0.070802,10954,0.451843,0.389169,0.379171,1,1
400,0.071429,11048,0.470573,0.356793,0.456382,1,1
400,0.072055,11139,0.55192,0.44379,0.424056,1,1
400,0.072682,11232,0.539914,0.401683,0.467628,1,1
400,0.073308,11323,0.565037,0.4656,0.465992,1,1
400,0.073935,11423,0.514433,0.450899,0.406997,1,1
400,0.074561,11515,0.545071,0.477938,0.415816,1,1
400,0.075188,11609,0.560389,0.405659,0.409966,1,1
400,0.075815,11701,0.518224,0.485679,0.40801,1,1
400,0.076441,11793,0.562898,0.477654,0.438928,1,1
400,0.077068,11887,0.583939,0.487178,0.451331,1,1
400,0.077694,11981,0.588522,0.482493,0.457283,1,1
400,0.078321,12075,0.583481,0.48806,0.486648,1,1
400,0.078947,12172,0.606609,0.489081,0.496148,1,1
400,0.079574,12265,0.555167,0.426976,0.425946,1,1
400,0.080201,12359,0.56876,0.449067,0.467835,1,1
400,0.080827,12453,0.61323,0.442918,0.459001,1,1
400,0.081454,12545,0.519637,0.396911,0.49079,1,1
400,0.08208,12635,0.597991,0.432255,0.461583,1,1
400,0.082707,12730,0.612844,0.420114,0.46436,1,1
400,0.083333,12823,0.621162,0.524878,0.534234,1,1
400,0.08396,12914,0.625586,0.52891,0.549254,1,1
400,0.084586,13008,0.627465,0.427814,0.544955,1,1
400,0.085213,13103,0.635909,0.445045,0.484955,1,1
400,0.08584,13196,0.636257,0.518171,0.525772,1,1
400,0.086466,13291,0.642482,0.537701,0.417703,1,1
400,0.087093,13382,0.579172,0.527501,0.492456,1,1
400,0.087719,13476,0.654016,0.491268,0.607843,1,1
400,0.088346,13567,0.649003,0.508139,0.523154,1,1
400,0.088972,13661,0.592676,0.495818,0.456044,1,1
400,0.089599,13750,0.653408,0.450476,0.546102,1,1
400,0.090226,13848,0.660715,0.557112,0.578169,1,1
400,0.090852,13938,0.681969,0.537929,0.571671,1,1
400,0.091479,14034,0.679897,0.476791,0.552085,1,1
400,0.092105,14124,0.659653,0.440289,0.473173,1,1
400,0.092732,14212,0.683852,0.567407,0.46947,1,1
400,0.093358,14305,0.689441,0.571944,0.465785,1,1
400,0.093985,14397,0.70175,0.579576,0.569688,1,1
400,0.094612,14484,0.681842,0.505522,0.577053,1,1
400,0.095238,14577,0.686676,0.619731,0.638418,1,1
400,0.095865,14667,0.736,0.568901,0.607439,1,1
400,0.096491,14756,0.707272,0.542116,0.605725,1,1
400,0.097118,14845,0.636276,0.605987,0.593351,1,1
400,0.097744,14936,0.715784,0.65085,0.663055,1,1
400,0.098371,15023,0.705333,0.508151,0.597524,1,1
400,0.098997,15110,0.695074,0.521623,0.617736,1,1
400,0.099624,15205,0.748314,0.536573,0.541964,1,1
400,0.100251,15293,0.711191,0.611464,0.597877,1,1
400,0.100877,15383,0.741769,0.544129,0.624068,1,1
400,0.101504,15475,0.731974,0.610845,0.619578,1,1
400,0.10213,15562,0.757357,0.604997,0.651841,1,1
400,0.102757,15654,0.746784,0.556859,0.641375,1,1
400,0.103383,15742,0.735027,0.623552,0.649147,1,1
400,0.10401,15832,0.756419,0.630327,0.647636,1,1
400,0.104637,15926,0.746038,0.553328,0.495786,1,1
400,0.105263,16016,0.688066,0.635205,0.652891,1,1
400,0.10589,16111,0.780493,0.496997,0.645605,1,1
400,0.106516,16198,0.776776,0.635337,0.639608,1,1
400,0.107143,16286,0.702414,0.559892,0.585557,1,1
400,0.107769,16375,0.781593,0.599733,0.67892,1,1
400,0.108396,16467,0.763457,0.625431,0.630624,1,1
400,0.109023,16557,0.799426,0.557423,0.569251,1,1
400,0.109649,16647,0.777969,0.606198,0.678814,1,1
400,0.110276,16741,0.736489,0.667579,0.684479,1,1
400,0.110902,16831,0.841551,0.674188,0.669419,1,1
400,0.111529,16924,0.788898,0.664201,0.653135,1,1
400,0.112155,17013,0.828794,0.65695,0.639286,1,1
400,0.112782,17100,0.758601,0.654222,0.676293,1,1
400,0.113409,17191,0.739369,0.665737,0.641281,1,1
400,0.114035,17280,0.820071,0.688581,0.621815,1,1
400,0.114662,17369,0.800892,0.684884,0.708775,1,1
400,0.115288,17458,0.811203,0.629037,0.702246,1,1
400,0.115915,17543,0.809276,0.667425,0.704269,1,1
